count,year,district,primary_type
8,2007,25,12
341,2007,20,05
4,2007,8,13
2483,2007,16,26
4450,2007,8,08B
806,2007,2,07
1797,2007,20,06
390,2007,24,03
116,2007,6,02
545,2007,25,04B
62,2007,8,09
585,2007,12,03
54,2007,4,19
38,2007,6,01A
530,2007,6,04A
108,2007,25,20
301,2007,14,16
2042,2007,5,26
216,2007,25,10
3541,2007,4,14
488,2007,22,03
3914,2007,6,18
742,2007,8,04B
389,2007,22,11
20,2007,20,22
2128,2007,10,26
82,2007,25,09
6507,2007,11,18
145,2007,8,20
42,2007,11,01A
2675,2007,1,26
18,2007,20,15
489,2007,12,11
383,2007,11,04A
212,2007,8,10
1278,2007,17,26
100,2007,4,16
2239,2007,7,26
404,2007,24,11
93,2007,11,02
2,2007,8,12
63,2007,20,24
9,2007,25,13
1867,2007,19,26
3985,2007,25,08B
2194,2007,14,14
469,2007,18,07
951,2007,9,08A
641,2007,15,07
2910,2007,3,26
132,2007,9,17
5,2007,14,19
304,2007,15,16
27,2007,12,09
6350,2007,1,06
320,2007,18,16
41,2007,16,22
109,2007,9,02
1147,2007,8,03
674,2007,10,05
576,2007,25,11
2765,2007,10,06
51,2007,16,15
1219,2007,4,07
30,2007,22,09
65,2007,11,17
274,2007,1,05
1980,2007,24,08B
6,2007,24,13
83,2007,5,24
1117,2007,11,08A
1293,2007,19,05
294,2007,5,15
967,2007,17,05
2894,2007,12,08B
60,2007,16,24
1962,2007,7,05
2507,2007,9,18
2917,2007,3,06
61,2007,2,19
18,2007,12,13
22,2007,5,22
11,2007,24,09
1593,2007,3,05
3551,2007,7,06
2651,2007,17,06
4,2007,22,13
32,2007,9,01A
5974,2007,19,06
1854,2007,2,14
374,2007,9,04A
2266,2007,22,08B
854,2007,14,07
4,2007,12,12
102,2007,7,24
646,2007,16,05
103,2007,17,24
274,2007,15,19
120,2007,19,24
42,2007,1,15
75,2007,24,10
108,2007,10,22
936,2007,20,26
14,2007,18,19
211,2007,24,04B
3,2007,22,12
34,2007,1,22
58,2007,24,20
3189,2007,16,06
142,2007,10,15
1677,2007,15,14
1670,2007,18,14
202,2007,3,24
322,2007,10,24
85,2007,19,22
426,2007,12,04B
1258,2007,6,08A
335,2007,2,16
219,2007,3,15
31,2007,17,22
43,2007,12,20
97,2007,22,10
29,2007,7,22
834,2007,25,03
2565,2007,5,06
90,2007,6,17
297,2007,22,04B
1412,2007,5,05
44,2007,19,15
3,2007,24,12
793,2007,8,11
40,2007,3,22
52,2007,1,24
128,2007,12,10
70,2007,22,20
67,2007,17,15
324,2007,7,15
642,2007,18,05
7,2007,6,13
550,2007,15,05
4478,2007,6,08B
331,2007,10,16
9,2007,16,19
86,2007,2,24
598,2007,9,03
138,2007,8,02
2,2007,11,12
1902,2007,15,06
2422,2007,16,14
7088,2007,18,06
23,2007,1,16
29,2007,8,01A
14,2007,2,22
124,2007,19,16
437,2007,8,04A
55,2007,11,10
411,2007,7,16
23,2007,6,09
2694,2007,5,14
40,2007,17,16
2490,2007,4,26
936,2007,11,04B
152,2007,3,16
140,2007,2,15
2640,2007,8,18
60,2007,11,20
66,2007,5,19
34,2007,16,16
110,2007,10,19
105,2007,12,17
77,2007,18,22
22,2007,25,01A
1059,2007,1,14
364,2007,25,04A
136,2007,6,20
53,2007,15,22
908,2007,6,04B
980,2007,12,08A
6,2007,31,18
1989,2007,10,14
193,2007,6,10
197,2007,15,15
2256,2007,25,18
46,2007,11,09
59,2007,18,15
8,2007,1,19
54,2007,22,17
758,2007,22,08A
1000,2007,2,05
143,2007,7,19
11,2007,17,19
80,2007,15,24
404,2007,9,11
18,2007,19,19
1,2007,6,12
2658,2007,3,14
97,2007,18,24
66,2007,24,17
261,2007,20,07
129,2007,25,02
1819,2007,17,14
216,2007,5,16
3243,2007,7,14
11,2007,11,13
2377,2007,19,14
1336,2007,14,26
495,2007,24,08A
83,2007,3,19
3688,2007,2,06
4399,2007,11,08B
273,2007,12,04A
25,2007,20,16
450,2007,11,11
907,2007,5,07
42,2007,24,02
120,2007,25,17
1311,2007,6,03
1330,2007,22,18
16,2007,12,01A
163,2007,4,24
1110,2007,25,08A
1731,2007,12,18
17,2007,22,01A
17,2007,9,13
3406,2007,9,08B
269,2007,22,04A
1218,2007,24,18
84,2007,4,22
56,2007,22,02
2338,2007,2,26
4326,2007,14,06
58,2007,12,02
136,2007,24,04A
249,2007,4,15
1269,2007,14,05
11,2007,24,01A
610,2007,16,07
54,2007,9,09
1048,2007,3,07
116,2007,9,10
10,2007,20,19
1891,2007,18,26
2376,2007,15,26
99,2007,9,20
598,2007,19,07
1007,2007,7,07
1021,2007,20,14
666,2007,9,04B
678,2007,17,07
84,2007,14,24
79,2007,14,15
137,2007,8,17
1705,2007,4,05
327,2007,1,07
1418,2007,8,08A
77,2007,14,22
3913,2007,4,06
605,2007,6,11
855,2007,10,07
4,2007,9,12
1019,2007,11,03
202,2007,9,15
60,2007,8,19
3066,2007,5,18
2836,2007,6,26
741,2007,22,07
52,2007,4,09
5113,2007,8,14
114,2007,9,22
1074,2007,12,07
2,2007,14,12
418,2007,5,04A
35,2007,5,01A
36,2007,16,02
895,2007,2,03
5,2007,4,13
104,2007,14,10
4470,2007,4,08B
346,2007,20,08A
610,2007,25,16
5,2007,16,01A
98,2007,5,02
374,2007,24,07
49,2007,20,17
100,2007,16,04A
52,2007,14,20
271,2007,15,11
287,2007,9,24
617,2007,16,18
276,2007,14,04B
1128,2007,18,11
557,2007,7,04A
149,2007,17,04A
465,2007,18,03
23,2007,1,02
5,2007,17,01A
665,2007,15,03
40,2007,7,01A
13,2007,19,01A
2571,2007,3,18
3750,2007,9,06
624,2007,8,16
5,2007,4,12
118,2007,19,04A
3456,2007,7,18
717,2007,17,18
88,2007,10,02
1270,2007,9,05
422,2007,3,04A
31,2007,14,09
428,2007,2,11
32,2007,3,01A
1183,2007,19,18
41,2007,25,19
27,2007,10,01A
938,2007,1,18
325,2007,10,04A
165,2007,4,20
125,2007,3,02
781,2007,4,04B
4,2007,31,14
173,2007,7,02
171,2007,4,10
2199,2007,14,08B
3197,2007,25,14
84,2007,1,04A
51,2007,17,02
4,2007,1,01A
2483,2007,11,26
2775,2007,10,18
6,2007,14,13
46,2007,19,02
94,2007,7,17
20,2007,18,20
92,2007,17,17
1999,2007,24,14
43,2007,6,22
609,2007,19,08A
81,2007,15,20
1530,2007,7,08A
7,2007,2,09
459,2007,17,08A
488,2007,15,04B
394,2007,14,11
293,2007,18,04B
130,2007,19,17
1144,2007,3,08A
264,2007,6,15
54,2007,15,10
15,2007,24,19
126,2007,18,10
80,2007,3,17
1829,2007,9,26
2142,2007,22,14
3272,2007,11,06
3199,2007,2,08B
1079,2007,4,03
47,2007,12,19
75,2007,10,17
16,2007,2,13
148,2007,6,24
24,2007,18,12
832,2007,10,08A
31,2007,22,19
69,2007,1,17
2664,2007,12,14
620,2007,1,08A
858,2007,11,05
1543,2007,8,07
2056,2007,18,08B
5,2007,15,13
12,2007,18,13
3595,2007,15,08B
1657,2007,6,05
4,2007,2,12
1205,2007,5,08A
120,2007,11,24
557,2007,4,11
4107,2007,6,06
61,2007,5,17
1477,2007,25,07
26,2007,20,02
116,2007,24,16
66,2007,2,20
636,2007,16,08A
7,2007,18,09
252,2007,11,15
1,2007,20,01A
625,2007,2,04B
64,2007,20,04A
89,2007,16,17
384,2007,12,16
33,2007,15,09
533,2007,14,03
108,2007,2,10
11,2007,22,16
21,2007,11,22
621,2007,20,18
10,2007,16,13
530,2007,10,04B
5,2007,17,12
1938,2007,16,08B
174,2007,12,24
2799,2007,8,26
110,2007,6,19
29,2007,4,01A
73,2007,24,15
458,2007,4,04A
183,2007,1,10
54,2007,10,20
6,2007,19,12
86,2007,22,24
139,2007,1,04B
9,2007,1,20
66,2007,10,10
2940,2007,6,14
45,2007,24,22
35,2007,5,09
2,2007,3,12
2524,2007,4,18
552,2007,18,08A
1001,2007,15,08A
1,2007,10,12
22,2007,19,20
127,2007,3,10
195,2007,17,04B
854,2007,9,07
1164,2007,7,04B
169,2007,22,15
44,2007,17,20
190,2007,19,04B
73,2007,12,22
74,2007,18,17
111,2007,7,20
52,2007,15,17
27,2007,16,09
15,2007,1,12
3671,2007,5,08B
130,2007,19,10
111,2007,3,20
4,2007,5,13
47,2007,24,24
230,2007,20,11
890,2007,11,16
11,2007,22,22
143,2007,4,02
113,2007,7,10
137,2007,12,15
858,2007,3,04B
77,2007,17,10
21,2007,17,09
50,2007,7,09
1017,2007,2,08A
56,2007,6,16
190,2007,20,03
2974,2007,24,06
44,2007,16,20
1119,2007,14,18
12,2007,10,13
91,2007,16,04B
67,2007,2,17
7,2007,19,09
3254,2007,10,08B
134,2007,16,10
194,2007,14,04A
757,2007,24,05
39,2007,3,09
2,2007,5,12
1376,2007,1,08B
8,2007,1,13
6,2007,14,01A
9,2007,19,13
2295,2007,11,14
2838,2007,22,06
2209,2007,19,08B
80,2007,5,10
2586,2007,25,26
48,2007,10,09
5603,2007,7,08B
60,2007,14,02
1806,2007,17,08B
1032,2007,12,05
9,2007,17,13
19,2007,16,12
3,2007,7,13
4095,2007,3,08B
103,2007,5,20
2,2007,1,09
177,2007,11,19
5639,2007,12,06
3,2007,3,13
1111,2007,22,05
701,2007,5,04B
244,2007,16,03
18,2007,20,20
92,2007,20,04B
307,2007,2,04A
3177,2007,9,14
71,2007,8,22
463,2007,3,11
19,2007,2,01A
53,2007,20,10
1489,2007,24,26
755,2007,14,08A
363,2007,7,11
313,2007,17,11
100,2007,14,17
304,2007,8,15
78,2007,9,19
939,2007,19,11
2188,2007,2,18
279,2007,8,24
1910,2007,12,26
925,2007,1,11
2,2007,20,12
1611,2007,25,05
194,2007,10,11
4190,2007,25,06
763,2007,5,03
1708,2007,22,26
1228,2007,6,07
96,2007,2,02
327,2007,25,24
1,2007,20,13
1399,2007,4,08A
1109,2007,20,08B
2234,2007,8,05
622,2007,10,03
97,2007,4,17
1002,2007,11,07
273,2007,5,11
682,2007,9,16
5710,2007,8,06
37,2007,18,02
408,2007,1,03
77,2007,15,02
479,2007,19,03
1184,2007,7,03
23,2007,15,01A
337,2007,17,03
101,2007,18,04A
2,2007,18,01A
272,2007,15,04A
77,2007,25,22
7,2007,20,09
1214,2007,3,03
617,2007,16,11
921,2007,18,18
228,2007,25,15
5673,2007,15,18
88,2008,9,10
937,2008,3,07
2229,2008,15,26
1667,2008,18,26
9,2008,20,19
93,2008,9,20
617,2008,19,07
89,2008,14,24
880,2008,20,14
750,2008,17,07
650,2008,9,04B
1170,2008,7,07
153,2008,8,17
106,2008,14,15
2056,2008,4,05
1347,2008,8,08A
397,2008,1,07
70,2008,14,22
1179,2008,11,03
914,2008,10,07
3,2008,9,12
591,2008,6,11
3968,2008,4,06
1500,2008,6,03
993,2008,22,18
19,2008,12,01A
127,2008,25,17
629,2008,11,11
53,2008,24,02
901,2008,5,07
251,2008,12,04A
13,2008,20,16
1068,2008,25,08A
135,2008,4,24
248,2008,22,04A
3241,2008,9,08B
7,2008,9,13
1411,2008,12,18
17,2008,22,01A
52,2008,4,22
57,2008,22,02
1217,2008,24,18
4547,2008,14,06
2152,2008,2,26
8,2008,24,01A
559,2008,16,07
130,2008,24,04A
313,2008,4,15
1328,2008,14,05
67,2008,12,02
49,2008,9,09
32,2008,15,22
109,2008,6,20
824,2008,1,14
381,2008,25,04A
30,2008,25,01A
10,2008,16,16
90,2008,10,19
77,2008,12,17
61,2008,18,22
14,2008,31,18
902,2008,6,04B
898,2008,12,08A
12,2008,1,19
66,2008,22,17
2313,2008,25,18
50,2008,18,15
35,2008,11,09
139,2008,6,10
1983,2008,10,14
197,2008,15,15
737,2008,22,08A
3,2008,17,19
92,2008,7,19
912,2008,2,05
3,2008,6,12
2460,2008,3,14
70,2008,18,24
8,2008,19,19
444,2008,9,11
115,2008,15,24
93,2008,5,16
3287,2008,7,14
315,2008,20,07
113,2008,25,02
2130,2008,17,14
57,2008,24,17
3435,2008,2,06
4346,2008,11,08B
99,2008,3,19
630,2008,24,08A
1305,2008,14,26
5,2008,11,13
2263,2008,19,14
683,2008,15,05
4216,2008,6,08B
653,2008,18,05
9,2008,6,13
85,2008,2,24
249,2008,10,16
6,2008,16,19
117,2008,8,02
736,2008,9,03
7569,2008,18,06
85,2008,1,16
2765,2008,16,14
2050,2008,15,06
490,2008,8,04A
44,2008,19,16
12,2008,2,22
36,2008,8,01A
42,2008,17,16
2431,2008,4,26
444,2008,7,16
33,2008,6,09
2670,2008,5,14
69,2008,11,10
2384,2008,8,18
168,2008,2,15
71,2008,3,16
964,2008,11,04B
50,2008,5,19
61,2008,11,20
774,2008,16,05
97,2008,17,24
115,2008,7,24
853,2008,14,07
3,2008,12,12
77,2008,10,22
110,2008,24,10
10,2008,18,19
804,2008,20,26
48,2008,1,15
100,2008,19,24
250,2008,15,19
1,2008,22,12
207,2008,24,04B
1507,2008,18,14
184,2008,3,24
182,2008,10,15
1694,2008,15,14
50,2008,24,20
20,2008,1,22
3793,2008,16,06
357,2008,12,04B
1288,2008,6,08A
240,2008,3,15
440,2008,2,16
68,2008,19,22
259,2008,10,24
2771,2008,5,06
101,2008,6,17
976,2008,25,03
85,2008,22,10
38,2008,12,20
31,2008,7,22
46,2008,17,22
62,2008,1,24
3,2008,24,12
19,2008,3,22
851,2008,8,11
322,2008,22,04B
1435,2008,5,05
42,2008,19,15
402,2008,7,15
78,2008,22,20
103,2008,12,10
60,2008,17,15
6533,2008,1,06
279,2008,18,16
48,2008,16,22
41,2008,12,09
197,2008,15,16
1362,2008,8,03
893,2008,10,05
105,2008,9,02
64,2008,11,17
1075,2008,4,07
15,2008,22,09
49,2008,16,15
606,2008,25,11
2560,2008,10,06
1131,2008,11,08A
90,2008,5,24
3,2008,24,13
1910,2008,24,08B
198,2008,1,05
1416,2008,19,05
272,2008,5,15
74,2008,2,19
11,2008,12,13
2143,2008,9,18
3033,2008,3,06
1872,2008,7,05
864,2008,17,05
2716,2008,12,08B
38,2008,16,24
3071,2008,17,06
3693,2008,7,06
1748,2008,3,05
13,2008,5,22
11,2008,24,09
2167,2008,22,08B
1771,2008,2,14
369,2008,9,04A
27,2008,9,01A
6568,2008,19,06
1,2008,22,13
16,2008,20,22
56,2008,25,09
1991,2008,10,26
5198,2008,11,18
414,2008,22,11
742,2008,8,04B
140,2008,8,20
425,2008,11,04A
512,2008,12,11
31,2008,20,15
2595,2008,1,26
46,2008,11,01A
179,2008,8,10
420,2008,24,11
3,2008,8,12
104,2008,11,02
2148,2008,7,26
1165,2008,17,26
115,2008,4,16
2288,2008,14,14
1587,2008,19,26
3818,2008,25,08B
5,2008,25,13
44,2008,20,24
909,2008,9,08A
562,2008,15,07
482,2008,18,07
6,2008,14,19
140,2008,9,17
2783,2008,3,26
375,2008,20,05
3,2008,25,12
2333,2008,16,26
4224,2008,8,08B
13,2008,8,13
724,2008,2,07
97,2008,6,02
498,2008,24,03
1822,2008,20,06
51,2008,8,09
561,2008,25,04B
127,2008,25,20
462,2008,6,04A
647,2008,12,03
34,2008,4,19
40,2008,6,01A
1,2008,31,20
229,2008,14,16
562,2008,22,03
3373,2008,6,18
3402,2008,4,14
1756,2008,5,26
184,2008,25,10
1094,2008,20,08B
1367,2008,4,08A
2,2008,20,13
181,2008,25,24
1086,2008,11,07
345,2008,5,11
2410,2008,8,05
682,2008,10,03
91,2008,4,17
5834,2008,8,06
402,2008,9,16
94,2008,15,02
41,2008,18,02
374,2008,1,03
536,2008,19,03
83,2008,25,22
6,2008,20,09
5,2008,18,01A
247,2008,15,04A
30,2008,15,01A
84,2008,18,04A
324,2008,17,03
1283,2008,7,03
1124,2008,3,03
4810,2008,15,18
660,2008,18,18
233,2008,25,15
687,2008,16,11
10,2008,20,20
238,2008,16,03
416,2008,3,11
24,2008,2,01A
64,2008,8,22
98,2008,20,04B
242,2008,2,04A
2932,2008,9,14
430,2008,17,11
342,2008,7,11
53,2008,20,10
623,2008,14,08A
1497,2008,24,26
1858,2008,2,18
1020,2008,19,11
293,2008,8,15
41,2008,9,19
72,2008,14,17
1152,2008,1,11
246,2008,8,24
1645,2008,12,26
1662,2008,25,05
4,2008,20,12
1412,2008,6,07
1546,2008,22,26
777,2008,5,03
275,2008,10,11
4508,2008,25,06
64,2008,2,02
2828,2008,24,06
53,2008,16,20
229,2008,20,03
50,2008,7,09
988,2008,2,08A
72,2008,6,16
31,2008,17,09
7,2008,19,09
3076,2008,10,08B
4,2008,10,13
62,2008,2,17
86,2008,16,04B
1139,2008,14,18
103,2008,16,10
12,2008,14,01A
5,2008,1,13
25,2008,3,09
1258,2008,1,08B
193,2008,14,04A
737,2008,24,05
2111,2008,19,08B
75,2008,5,10
44,2008,10,09
2468,2008,25,26
2762,2008,22,06
6,2008,19,13
2412,2008,11,14
9,2008,7,13
6,2008,17,13
10,2008,16,12
1841,2008,17,08B
1094,2008,12,05
5325,2008,7,08B
59,2008,14,02
5,2008,3,13
6193,2008,12,06
152,2008,11,19
3900,2008,3,08B
93,2008,5,20
2,2008,1,09
1,2008,31,26
1221,2008,22,05
677,2008,5,04B
1973,2008,16,08B
166,2008,12,24
2975,2008,8,26
4,2008,16,13
568,2008,10,04B
6,2008,17,12
1,2008,7,12
65,2008,10,20
175,2008,1,10
8,2008,19,12
84,2008,24,15
485,2008,4,04A
78,2008,6,19
44,2008,4,01A
129,2008,1,04B
70,2008,22,24
2384,2008,4,18
2893,2008,6,14
28,2008,24,22
61,2008,10,10
14,2008,1,20
44,2008,5,09
1,2008,3,12
1139,2008,7,04B
879,2008,15,08A
26,2008,19,20
1072,2008,9,07
185,2008,17,04B
123,2008,3,10
469,2008,18,08A
16,2008,16,09
53,2008,15,17
64,2008,12,22
68,2008,18,17
114,2008,7,20
144,2008,22,15
40,2008,17,20
220,2008,19,04B
81,2008,24,24
3,2008,5,13
3424,2008,5,08B
8,2008,1,12
125,2008,19,10
101,2008,3,20
113,2008,12,15
68,2008,17,10
733,2008,3,04B
14,2008,22,22
113,2008,4,02
87,2008,7,10
947,2008,11,16
268,2008,20,11
3332,2008,15,08B
13,2008,18,13
1712,2008,6,05
1,2008,15,13
1961,2008,18,08B
2,2008,2,12
1163,2008,5,08A
101,2008,11,24
100,2008,24,16
1445,2008,25,07
31,2008,20,02
4060,2008,6,06
58,2008,5,17
550,2008,4,11
555,2008,16,08A
58,2008,2,20
30,2008,15,09
76,2008,16,17
474,2008,2,04B
61,2008,20,04A
416,2008,12,16
2,2008,20,01A
283,2008,11,15
4,2008,18,09
108,2008,2,10
558,2008,14,03
20,2008,11,22
440,2008,20,18
12,2008,22,16
603,2008,19,08A
67,2008,15,20
1745,2008,24,14
22,2008,6,22
69,2008,17,17
90,2008,7,17
14,2008,18,20
109,2008,19,17
455,2008,14,11
273,2008,18,04B
491,2008,17,08A
464,2008,15,04B
1480,2008,7,08A
10,2008,2,09
23,2008,24,19
97,2008,18,10
980,2008,3,08A
281,2008,6,15
50,2008,15,10
1918,2008,9,26
58,2008,3,17
1128,2008,4,03
43,2008,12,19
76,2008,10,17
8,2008,2,13
3129,2008,11,06
2959,2008,2,08B
2013,2008,22,14
878,2008,10,08A
2,2008,15,12
160,2008,6,24
10,2008,18,12
2666,2008,12,14
34,2008,22,19
63,2008,1,17
1524,2008,8,07
866,2008,11,05
531,2008,1,08A
46,2008,7,01A
5,2008,17,01A
762,2008,15,03
468,2008,18,03
167,2008,17,04A
29,2008,1,02
527,2008,7,04A
103,2008,19,04A
3,2008,4,12
280,2008,8,16
1989,2008,3,18
6,2008,19,01A
3699,2008,9,06
1307,2008,9,05
88,2008,10,02
622,2008,17,18
3554,2008,7,18
849,2008,19,18
388,2008,2,11
41,2008,3,01A
33,2008,14,09
430,2008,3,04A
138,2008,4,20
312,2008,10,04A
39,2008,10,01A
1239,2008,1,18
45,2008,25,19
752,2008,4,04B
110,2008,3,02
7,2008,14,13
2425,2008,11,26
4,2008,1,01A
2347,2008,10,18
3179,2008,25,14
92,2008,1,04A
46,2008,17,02
117,2008,7,02
154,2008,4,10
2092,2008,14,08B
66,2008,19,02
284,2008,9,15
46,2008,8,19
711,2008,22,07
38,2008,4,09
2481,2008,6,26
1933,2008,5,18
52,2008,9,22
5073,2008,8,14
29,2008,5,01A
39,2008,16,02
449,2008,5,04A
947,2008,12,07
7,2008,14,12
101,2008,14,10
369,2008,20,08A
4133,2008,4,08B
755,2008,2,03
6,2008,4,13
101,2008,16,04A
40,2008,20,17
3,2008,16,01A
423,2008,24,07
111,2008,5,02
607,2008,25,16
48,2008,14,20
299,2008,14,04B
1214,2008,18,11
668,2008,16,18
235,2008,9,24
293,2008,15,11
50,2009,9,09
506,2009,16,07
4,2009,24,01A
304,2009,4,15
141,2009,24,04A
1359,2009,14,05
54,2009,12,02
4315,2009,14,06
2039,2009,2,26
23,2009,4,22
54,2009,22,02
1053,2009,24,18
232,2009,22,04A
2900,2009,9,08B
1,2009,31,08A
4,2009,9,13
19,2009,22,01A
1254,2009,12,18
1040,2009,25,08A
180,2009,4,24
1438,2009,6,03
20,2009,12,01A
1122,2009,22,18
80,2009,25,17
661,2009,11,11
732,2009,5,07
54,2009,24,02
241,2009,12,04A
6,2009,20,16
1026,2009,11,03
623,2009,10,07
2,2009,9,12
584,2009,6,11
3354,2009,4,06
49,2009,14,22
1146,2009,8,08A
232,2009,1,07
100,2009,14,15
133,2009,8,17
2000,2009,4,05
72,2009,14,24
804,2009,20,14
711,2009,17,07
579,2009,9,04B
934,2009,7,07
583,2009,19,07
92,2009,9,20
2195,2009,15,26
1554,2009,18,26
4,2009,20,19
725,2009,3,07
88,2009,9,10
47,2009,5,19
80,2009,11,20
2287,2009,8,18
86,2009,3,16
153,2009,2,15
1005,2009,11,04B
32,2009,17,16
2356,2009,4,26
391,2009,7,16
2323,2009,5,14
33,2009,6,09
65,2009,11,10
460,2009,8,04A
56,2009,19,16
19,2009,2,22
32,2009,8,01A
6969,2009,18,06
86,2009,1,16
2338,2009,16,14
1898,2009,15,06
111,2009,8,02
568,2009,9,03
60,2009,2,24
3,2009,16,19
79,2009,10,16
859,2009,15,05
3578,2009,6,08B
451,2009,18,05
6,2009,6,13
3365,2009,2,06
3871,2009,11,08B
59,2009,3,19
1288,2009,14,26
521,2009,24,08A
2061,2009,19,14
2,2009,11,13
118,2009,5,16
2807,2009,7,14
246,2009,20,07
1878,2009,17,14
91,2009,25,02
64,2009,24,17
3,2009,6,12
2354,2009,3,14
73,2009,18,24
6,2009,19,19
146,2009,15,24
365,2009,9,11
6,2009,17,19
60,2009,7,19
1095,2009,2,05
679,2009,22,08A
7,2009,1,19
54,2009,22,17
37,2009,11,09
42,2009,18,15
2298,2009,25,18
153,2009,6,10
1870,2009,10,14
192,2009,15,15
12,2009,31,18
804,2009,6,04B
769,2009,12,08A
20,2009,15,22
723,2009,1,14
419,2009,25,04A
91,2009,6,20
19,2009,25,01A
42,2009,10,19
12,2009,16,16
48,2009,18,22
81,2009,12,17
1999,2009,22,08B
1664,2009,2,14
372,2009,9,04A
24,2009,9,01A
6261,2009,19,06
5,2009,22,13
2848,2009,17,06
3265,2009,7,06
1792,2009,3,05
13,2009,24,09
10,2009,5,22
68,2009,2,19
9,2009,12,13
2390,2009,9,18
2821,2009,3,06
1836,2009,7,05
957,2009,17,05
2411,2009,12,08B
45,2009,16,24
1164,2009,19,05
289,2009,5,15
116,2009,5,24
1026,2009,11,08A
2,2009,24,13
1764,2009,24,08B
196,2009,1,05
66,2009,11,17
868,2009,4,07
16,2009,22,09
60,2009,16,15
2326,2009,10,06
542,2009,25,11
830,2009,10,05
1280,2009,8,03
93,2009,9,02
5976,2009,1,06
260,2009,18,16
33,2009,16,22
21,2009,12,09
189,2009,15,16
413,2009,7,15
107,2009,12,10
69,2009,22,20
63,2009,17,15
85,2009,1,24
2,2009,24,12
24,2009,3,22
696,2009,8,11
1507,2009,5,05
282,2009,22,04B
44,2009,19,15
2571,2009,5,06
61,2009,6,17
1087,2009,25,03
97,2009,22,10
44,2009,12,20
15,2009,7,22
47,2009,17,22
360,2009,12,04B
346,2009,2,16
298,2009,3,15
1067,2009,6,08A
47,2009,19,22
232,2009,10,24
1363,2009,18,14
200,2009,3,24
201,2009,10,15
1440,2009,15,14
18,2009,1,22
50,2009,24,20
3201,2009,16,06
227,2009,24,04B
48,2009,10,22
92,2009,24,10
10,2009,18,19
703,2009,20,26
30,2009,1,15
107,2009,19,24
204,2009,15,19
882,2009,16,05
87,2009,17,24
164,2009,7,24
6,2009,12,12
808,2009,14,07
553,2009,22,03
2773,2009,6,18
3018,2009,4,14
167,2009,25,10
1864,2009,5,26
148,2009,14,16
464,2009,6,04A
107,2009,25,20
598,2009,12,03
30,2009,4,19
35,2009,6,01A
66,2009,8,09
577,2009,25,04B
102,2009,6,02
534,2009,24,03
1675,2009,20,06
682,2009,2,07
3804,2009,8,08B
2158,2009,16,26
7,2009,8,13
373,2009,20,05
6,2009,25,12
129,2009,9,17
3,2009,14,19
2526,2009,3,26
890,2009,9,08A
452,2009,15,07
357,2009,18,07
2221,2009,14,14
1446,2009,19,26
3705,2009,25,08B
7,2009,25,13
57,2009,20,24
399,2009,24,11
5,2009,8,12
82,2009,11,02
1964,2009,7,26
1103,2009,17,26
201,2009,4,16
165,2009,8,10
409,2009,11,04A
507,2009,12,11
26,2009,20,15
55,2009,11,01A
2020,2009,1,26
110,2009,8,20
16,2009,20,22
5248,2009,11,18
1755,2009,10,26
70,2009,25,09
409,2009,22,11
646,2009,8,04B
76,2009,2,02
930,2009,6,07
1564,2009,22,26
693,2009,5,03
4724,2009,25,06
207,2009,10,11
1827,2009,25,05
1,2009,20,12
983,2009,1,11
1744,2009,12,26
290,2009,8,24
983,2009,19,11
1631,2009,2,18
61,2009,14,17
300,2009,8,15
29,2009,9,19
362,2009,17,11
306,2009,7,11
50,2009,20,10
1422,2009,24,26
541,2009,14,08A
446,2009,3,11
22,2009,2,01A
53,2009,8,22
222,2009,2,04A
83,2009,20,04B
2611,2009,9,14
13,2009,20,20
242,2009,16,03
4216,2009,15,18
256,2009,25,15
719,2009,18,18
600,2009,16,11
1124,2009,3,03
64,2009,25,22
5,2009,20,09
2,2009,18,01A
272,2009,15,04A
29,2009,15,01A
344,2009,17,03
71,2009,18,04A
1190,2009,7,03
519,2009,19,03
87,2009,15,02
393,2009,1,03
36,2009,18,02
5488,2009,8,06
193,2009,9,16
764,2009,11,07
302,2009,5,11
649,2009,10,03
2469,2009,8,05
74,2009,4,17
993,2009,20,08B
1218,2009,4,08A
1,2009,20,13
211,2009,25,24
122,2009,12,15
803,2009,3,04B
56,2009,17,10
25,2009,22,22
111,2009,4,02
75,2009,7,10
370,2009,11,16
304,2009,20,11
93,2009,24,24
1,2009,5,13
6,2009,1,12
3266,2009,5,08B
84,2009,3,20
113,2009,19,10
16,2009,16,09
41,2009,15,17
41,2009,12,22
44,2009,18,17
99,2009,7,20
206,2009,22,15
159,2009,19,04B
44,2009,17,20
930,2009,7,04B
781,2009,15,08A
2,2009,10,12
90,2009,3,10
178,2009,17,04B
869,2009,9,07
21,2009,19,20
406,2009,18,08A
2755,2009,4,18
31,2009,5,09
9,2009,1,20
2614,2009,6,14
32,2009,24,22
83,2009,10,10
4,2009,3,12
103,2009,1,04B
84,2009,22,24
136,2009,1,10
84,2009,10,20
5,2009,19,12
486,2009,4,04A
74,2009,24,15
60,2009,6,19
41,2009,4,01A
2616,2009,8,26
1812,2009,16,08B
171,2009,12,24
535,2009,10,04B
4,2009,16,13
1,2009,17,12
1,2009,31,26
652,2009,5,04B
1281,2009,22,05
3,2009,3,13
5259,2009,12,06
194,2009,11,19
3444,2009,3,08B
2,2009,1,09
57,2009,5,20
3,2009,7,13
7,2009,17,13
7,2009,16,12
1571,2009,17,08B
983,2009,12,05
4255,2009,7,08B
61,2009,14,02
1844,2009,19,08B
2481,2009,25,26
36,2009,10,09
55,2009,5,10
2430,2009,22,06
2095,2009,11,14
3,2009,19,13
15,2009,14,01A
7,2009,1,13
18,2009,3,09
1093,2009,1,08B
202,2009,14,04A
786,2009,24,05
104,2009,16,10
5,2009,19,09
2848,2009,10,08B
97,2009,16,04B
59,2009,2,17
5,2009,10,13
930,2009,14,18
2546,2009,24,06
55,2009,16,20
171,2009,20,03
47,2009,7,09
224,2009,6,16
847,2009,2,08A
26,2009,17,09
1210,2009,8,07
889,2009,11,05
469,2009,1,08A
2329,2009,12,14
22,2009,22,19
51,2009,1,17
800,2009,10,08A
180,2009,6,24
4,2009,18,12
961,2009,4,03
30,2009,12,19
5,2009,2,13
61,2009,10,17
2704,2009,11,06
2616,2009,2,08B
1799,2009,22,14
1768,2009,9,26
53,2009,3,17
23,2009,24,19
107,2009,18,10
332,2009,6,15
950,2009,3,08A
80,2009,15,10
102,2009,19,17
428,2009,14,11
208,2009,18,04B
406,2009,17,08A
514,2009,15,04B
1204,2009,7,08A
9,2009,2,09
507,2009,19,08A
65,2009,15,20
1536,2009,24,14
21,2009,6,22
69,2009,17,17
65,2009,7,17
5,2009,18,20
28,2009,11,22
389,2009,20,18
34,2009,22,16
81,2009,2,10
644,2009,14,03
28,2009,15,09
55,2009,20,04A
453,2009,2,04B
56,2009,16,17
138,2009,12,16
1,2009,20,01A
5,2009,18,09
342,2009,11,15
484,2009,16,08A
54,2009,2,20
41,2009,24,16
1532,2009,25,07
21,2009,20,02
3534,2009,6,06
60,2009,5,17
506,2009,4,11
121,2009,11,24
1007,2009,5,08A
1,2009,2,12
3141,2009,15,08B
14,2009,18,13
1955,2009,6,05
1775,2009,18,08B
275,2009,14,04B
1145,2009,18,11
667,2009,16,18
255,2009,15,11
283,2009,9,24
65,2009,14,20
29,2009,20,17
129,2009,16,04A
92,2009,5,02
374,2009,24,07
2,2009,16,01A
539,2009,25,16
90,2009,14,10
269,2009,20,08A
3616,2009,4,08B
743,2009,2,03
3,2009,4,13
38,2009,16,02
21,2009,5,01A
380,2009,5,04A
5,2009,14,12
835,2009,12,07
65,2009,9,22
4804,2009,8,14
509,2009,22,07
37,2009,4,09
2299,2009,6,26
1804,2009,5,18
311,2009,9,15
47,2009,8,19
72,2009,19,02
2,2009,14,13
2128,2009,10,18
3,2009,1,01A
2310,2009,11,26
45,2009,17,02
3072,2009,25,14
68,2009,1,04A
126,2009,7,02
127,2009,4,10
2010,2009,14,08B
676,2009,4,04B
106,2009,3,02
94,2009,4,20
360,2009,10,04A
673,2009,1,18
30,2009,10,01A
44,2009,25,19
431,2009,2,11
26,2009,3,01A
838,2009,19,18
36,2009,14,09
396,2009,3,04A
1275,2009,9,05
71,2009,10,02
666,2009,17,18
2790,2009,7,18
99,2009,19,04A
1,2009,4,12
392,2009,8,16
3,2009,19,01A
2114,2009,3,18
3442,2009,9,06
44,2009,7,01A
13,2009,17,01A
819,2009,15,03
21,2009,1,02
125,2009,17,04A
403,2009,18,03
397,2009,7,04A
51,2010,2,02
198,2010,10,11
4064,2010,25,06
705,2010,5,03
1490,2010,22,26
1187,2010,6,07
1,2010,20,12
2081,2010,25,05
374,2010,8,24
1377,2010,12,26
899,2010,1,11
68,2010,14,17
277,2010,8,15
30,2010,9,19
954,2010,19,11
1656,2010,2,18
26,2010,20,10
1171,2010,24,26
523,2010,14,08A
267,2010,7,11
321,2010,17,11
94,2010,20,04B
184,2010,2,04A
2268,2010,9,14
469,2010,3,11
21,2010,2,01A
54,2010,8,22
157,2010,16,03
17,2010,20,20
572,2010,16,11
611,2010,18,18
244,2010,25,15
4530,2010,15,18
844,2010,3,03
1047,2010,7,03
18,2010,15,01A
334,2010,17,03
82,2010,18,04A
2,2010,18,01A
223,2010,15,04A
52,2010,25,22
7,2010,20,09
535,2010,19,03
39,2010,18,02
398,2010,1,03
72,2010,15,02
103,2010,9,16
4584,2010,8,06
2481,2010,8,05
650,2010,10,03
62,2010,4,17
989,2010,11,07
338,2010,5,11
183,2010,25,24
3,2010,20,13
987,2010,20,08B
1153,2010,4,08A
266,2010,20,11
308,2010,11,16
17,2010,22,22
108,2010,4,02
56,2010,7,10
100,2010,12,15
751,2010,3,04B
47,2010,17,10
11,2010,1,12
3078,2010,5,08B
80,2010,19,10
75,2010,3,20
5,2010,5,13
109,2010,24,24
160,2010,22,15
53,2010,17,20
186,2010,19,04B
55,2010,18,17
57,2010,12,22
94,2010,7,20
33,2010,15,17
21,2010,16,09
423,2010,18,08A
713,2010,15,08A
19,2010,19,20
62,2010,3,10
189,2010,17,04B
1370,2010,9,07
880,2010,7,04B
12,2010,1,20
1999,2010,6,14
27,2010,24,22
40,2010,10,10
29,2010,5,09
2,2010,3,12
1885,2010,4,18
120,2010,22,24
100,2010,1,04B
53,2010,6,19
32,2010,4,01A
78,2010,24,15
456,2010,4,04A
136,2010,1,10
72,2010,10,20
8,2010,19,12
7,2010,16,13
569,2010,10,04B
3,2010,17,12
1685,2010,16,08B
230,2010,12,24
2317,2010,8,26
1102,2010,22,05
559,2010,5,04B
3411,2010,3,08B
60,2010,5,20
2,2010,1,09
155,2010,11,19
5277,2010,12,06
4,2010,3,13
4211,2010,7,08B
58,2010,14,02
1538,2010,17,08B
899,2010,12,05
12,2010,17,13
5,2010,16,12
6,2010,7,13
7,2010,19,13
1811,2010,11,14
2432,2010,22,06
1658,2010,19,08B
67,2010,5,10
2082,2010,25,26
27,2010,10,09
176,2010,14,04A
786,2010,24,05
21,2010,3,09
1,2010,5,12
1074,2010,1,08B
5,2010,1,13
3,2010,14,01A
64,2010,16,10
874,2010,14,18
4,2010,10,13
101,2010,16,04B
58,2010,2,17
12,2010,19,09
2879,2010,10,08B
21,2010,17,09
40,2010,7,09
886,2010,2,08A
109,2010,6,16
189,2010,20,03
2576,2010,24,06
41,2010,16,20
478,2010,1,08A
936,2010,11,05
1625,2010,8,07
29,2010,22,19
35,2010,1,17
2033,2010,12,14
221,2010,6,24
2,2010,18,12
819,2010,10,08A
1463,2010,22,14
2722,2010,11,06
2629,2010,2,08B
816,2010,4,03
21,2010,12,19
66,2010,10,17
2,2010,2,13
56,2010,3,17
1607,2010,9,26
956,2010,3,08A
262,2010,6,15
53,2010,15,10
11,2010,24,19
89,2010,18,10
1102,2010,7,08A
18,2010,2,09
376,2010,17,08A
471,2010,15,04B
430,2010,14,11
195,2010,18,04B
74,2010,19,17
66,2010,7,17
10,2010,18,20
54,2010,17,17
1464,2010,24,14
13,2010,6,22
483,2010,19,08A
53,2010,15,20
5,2010,22,16
25,2010,11,22
489,2010,20,18
574,2010,14,03
64,2010,2,10
3,2010,18,09
292,2010,11,15
2,2010,20,01A
410,2010,2,04B
58,2010,20,04A
67,2010,16,17
79,2010,12,16
12,2010,15,09
62,2010,2,20
468,2010,16,08A
467,2010,4,11
3263,2010,6,06
50,2010,5,17
1633,2010,25,07
27,2010,20,02
37,2010,24,16
932,2010,5,08A
139,2010,11,24
3,2010,2,12
5,2010,15,13
1600,2010,18,08B
2614,2010,15,08B
11,2010,18,13
1840,2010,6,05
282,2010,15,11
266,2010,9,24
592,2010,16,18
282,2010,14,04B
1031,2010,18,11
1,2010,23,06
55,2010,14,20
358,2010,25,16
5,2010,16,01A
82,2010,5,02
460,2010,24,07
28,2010,20,17
121,2010,16,04A
610,2010,2,03
4,2010,4,13
67,2010,14,10
266,2010,20,08A
3520,2010,4,08B
1061,2010,12,07
3,2010,14,12
346,2010,5,04A
29,2010,5,01A
36,2010,16,02
3603,2010,8,14
58,2010,9,22
1673,2010,5,18
2005,2010,6,26
567,2010,22,07
26,2010,4,09
255,2010,9,15
53,2010,8,19
61,2010,19,02
97,2010,7,02
87,2010,4,10
1907,2010,14,08B
2484,2010,25,14
69,2010,1,04A
63,2010,17,02
1,2010,1,01A
2013,2010,11,26
2280,2010,10,18
7,2010,14,13
94,2010,3,02
706,2010,4,04B
33,2010,25,19
30,2010,10,01A
497,2010,1,18
273,2010,10,04A
100,2010,4,20
355,2010,3,04A
23,2010,14,09
341,2010,2,11
28,2010,3,01A
882,2010,19,18
3025,2010,7,18
753,2010,17,18
73,2010,10,02
1302,2010,9,05
5,2010,19,01A
2289,2010,3,18
3111,2010,9,06
326,2010,8,16
2,2010,4,12
114,2010,19,04A
390,2010,7,04A
122,2010,17,04A
444,2010,18,03
20,2010,1,02
6,2010,17,01A
805,2010,15,03
40,2010,7,01A
33,2010,9,09
51,2010,12,02
144,2010,24,04A
233,2010,4,15
1304,2010,14,05
7,2010,24,01A
612,2010,16,07
1764,2010,2,26
4380,2010,14,06
962,2010,24,18
18,2010,4,22
54,2010,22,02
1,2010,31,17
1314,2010,12,18
23,2010,22,01A
7,2010,9,13
2833,2010,9,08B
159,2010,22,04A
213,2010,4,24
934,2010,25,08A
190,2010,12,04A
12,2010,20,16
574,2010,11,11
832,2010,5,07
45,2010,24,02
80,2010,25,17
1064,2010,6,03
1270,2010,22,18
15,2010,12,01A
3295,2010,4,06
535,2010,6,11
969,2010,10,07
2,2010,9,12
989,2010,11,03
67,2010,14,22
271,2010,1,07
1133,2010,8,08A
81,2010,14,15
110,2010,8,17
2175,2010,4,05
999,2010,7,07
730,2010,20,14
834,2010,17,07
574,2010,9,04B
87,2010,14,24
110,2010,9,20
639,2010,19,07
1294,2010,18,26
6,2010,20,19
1851,2010,15,26
878,2010,3,07
69,2010,9,10
68,2010,11,20
36,2010,5,19
743,2010,11,04B
45,2010,3,16
146,2010,2,15
2693,2010,8,18
51,2010,11,10
166,2010,7,16
22,2010,6,09
1816,2010,5,14
22,2010,17,16
1963,2010,4,26
17,2010,2,22
36,2010,8,01A
37,2010,19,16
386,2010,8,04A
1687,2010,15,06
1839,2010,16,14
6879,2010,18,06
47,2010,1,16
579,2010,9,03
3,2010,11,12
103,2010,8,02
102,2010,10,16
2,2010,16,19
63,2010,2,24
481,2010,18,05
4,2010,6,13
780,2010,15,05
3549,2010,6,08B
4,2010,11,13
1843,2010,19,14
1121,2010,14,26
543,2010,24,08A
52,2010,3,19
3301,2010,2,06
3840,2010,11,08B
62,2010,24,17
266,2010,20,07
94,2010,25,02
1523,2010,17,14
111,2010,5,16
2473,2010,7,14
189,2010,15,24
382,2010,9,11
5,2010,19,19
6,2010,6,12
2159,2010,3,14
91,2010,18,24
942,2010,2,05
77,2010,7,19
2,2010,17,19
643,2010,22,08A
98,2010,6,10
1747,2010,10,14
202,2010,15,15
2537,2010,25,18
27,2010,11,09
43,2010,18,15
5,2010,1,19
29,2010,22,17
668,2010,6,04B
737,2010,12,08A
2,2010,31,18
18,2010,16,16
60,2010,10,19
55,2010,18,22
54,2010,12,17
16,2010,25,01A
352,2010,25,04A
640,2010,1,14
73,2010,6,20
23,2010,15,22
3,2010,22,13
29,2010,9,01A
5973,2010,19,06
1643,2010,2,14
291,2010,9,04A
1903,2010,22,08B
8,2010,5,22
19,2010,24,09
1564,2010,3,05
3158,2010,7,06
2727,2010,17,06
989,2010,17,05
2313,2010,12,08B
59,2010,16,24
1983,2010,7,05
2258,2010,9,18
2695,2010,3,06
56,2010,2,19
12,2010,12,13
1129,2010,19,05
269,2010,5,15
217,2010,1,05
1601,2010,24,08B
6,2010,24,13
1013,2010,11,08A
173,2010,5,24
479,2010,25,11
2267,2010,10,06
57,2010,16,15
995,2010,4,07
15,2010,22,09
41,2010,11,17
95,2010,9,02
1127,2010,8,03
889,2010,10,05
74,2010,15,16
25,2010,12,09
6002,2010,1,06
158,2010,18,16
31,2010,16,22
89,2010,12,10
84,2010,22,20
60,2010,17,15
375,2010,7,15
272,2010,22,04B
1277,2010,5,05
47,2010,19,15
2,2010,24,12
13,2010,3,22
631,2010,8,11
1,2010,31,03
68,2010,1,24
47,2010,17,22
39,2010,12,20
74,2010,22,10
9,2010,7,22
954,2010,25,03
2240,2010,5,06
69,2010,6,17
336,2010,10,24
1,2010,12,26
48,2010,19,22
305,2010,12,04B
1062,2010,6,08A
165,2010,2,16
277,2010,3,15
24,2010,1,22
42,2010,24,20
2648,2010,16,06
189,2010,10,15
1275,2010,15,14
228,2010,3,24
1172,2010,18,14
216,2010,24,04B
3,2010,22,12
202,2010,15,19
139,2010,19,24
27,2010,1,15
49,2010,10,22
67,2010,24,10
12,2010,18,19
616,2010,20,26
1049,2010,14,07
3,2010,12,12
249,2010,7,24
858,2010,16,05
101,2010,17,24
1553,2010,5,26
125,2010,25,10
2738,2010,4,14
414,2010,22,03
2732,2010,6,18
98,2010,14,16
537,2010,12,03
28,2010,4,19
40,2010,6,01A
413,2010,6,04A
118,2010,25,20
541,2010,25,04B
49,2010,8,09
1466,2010,20,06
500,2010,24,03
101,2010,6,02
860,2010,2,07
12,2010,8,13
1898,2010,16,26
3624,2010,8,08B
9,2010,25,12
407,2010,20,05
2346,2010,3,26
73,2010,9,17
5,2010,14,19
401,2010,18,07
804,2010,9,08A
531,2010,15,07
90,2010,20,24
7,2010,25,13
1227,2010,19,26
3515,2010,25,08B
1930,2010,14,14
1072,2010,17,26
109,2010,4,16
1826,2010,7,26
311,2010,24,11
3,2010,8,12
101,2010,11,02
117,2010,8,10
50,2010,11,01A
1512,2010,1,26
30,2010,20,15
430,2010,12,11
373,2010,11,04A
149,2010,8,20
620,2010,8,04B
421,2010,22,11
24,2010,20,22
1509,2010,10,26
60,2010,25,09
5302,2010,11,18
119,2011,8,17
74,2011,14,15
2097,2011,4,05
1041,2011,8,08A
292,2011,1,07
54,2011,14,22
1070,2011,10,07
1,2011,9,12
1006,2011,11,03
3776,2011,4,06
580,2011,6,11
59,2011,9,10
887,2011,3,07
1567,2011,15,26
1151,2011,18,26
2,2011,20,19
104,2011,9,20
755,2011,19,07
80,2011,14,24
1,2011,25,01B
845,2011,7,07
620,2011,20,14
508,2011,9,04B
836,2011,17,07
29,2011,4,22
49,2011,22,02
723,2011,24,18
3807,2011,14,06
1544,2011,2,26
4,2011,24,01A
546,2011,16,07
68,2011,12,02
106,2011,24,04A
338,2011,4,15
1274,2011,14,05
54,2011,9,09
80,2011,25,17
1012,2011,6,03
993,2011,22,18
15,2011,12,01A
195,2011,12,04A
5,2011,20,16
394,2011,11,11
49,2011,24,02
989,2011,5,07
849,2011,25,08A
201,2011,4,24
2764,2011,9,08B
166,2011,22,04A
1152,2011,12,18
16,2011,22,01A
7,2011,9,13
98,2011,7,19
4,2011,17,19
936,2011,2,05
6,2011,6,12
1819,2011,3,14
100,2011,18,24
508,2011,9,11
195,2011,15,24
1,2011,19,19
290,2011,20,07
107,2011,25,02
1451,2011,17,14
103,2011,5,16
2276,2011,7,14
55,2011,24,17
39,2011,3,19
3221,2011,2,06
3555,2011,11,08B
5,2011,11,13
1504,2011,19,14
413,2011,24,08A
942,2011,14,26
73,2011,6,20
335,2011,25,04A
587,2011,1,14
9,2011,15,22
4,2011,16,16
61,2011,10,19
74,2011,12,17
54,2011,18,22
17,2011,25,01A
31,2011,31,18
606,2011,6,04B
690,2011,12,08A
2406,2011,25,18
32,2011,18,15
40,2011,11,09
4,2011,1,19
39,2011,22,17
121,2011,6,10
1535,2011,10,14
186,2011,15,15
542,2011,22,08A
363,2011,8,04A
7,2011,2,22
28,2011,8,01A
39,2011,19,16
236,2011,7,16
30,2011,6,09
1676,2011,5,14
13,2011,17,16
1871,2011,4,26
49,2011,11,10
159,2011,2,15
23,2011,3,16
2509,2011,8,18
737,2011,11,04B
63,2011,11,20
18,2011,5,19
864,2011,15,05
3233,2011,6,08B
469,2011,18,05
5,2011,6,13
88,2011,2,24
78,2011,10,16
1,2011,16,19
638,2011,9,03
1,2011,11,12
108,2011,8,02
6645,2011,18,06
46,2011,1,16
1809,2011,15,06
1628,2011,16,14
39,2011,19,22
297,2011,12,04B
1001,2011,6,08A
277,2011,3,15
126,2011,2,16
323,2011,10,24
862,2011,25,03
56,2011,6,17
2277,2011,5,06
35,2011,17,22
42,2011,12,20
62,2011,22,10
12,2011,7,22
71,2011,1,24
233,2011,22,04B
1342,2011,5,05
52,2011,19,15
2,2011,24,12
6,2011,3,22
636,2011,8,11
93,2011,12,10
50,2011,22,20
62,2011,17,15
436,2011,7,15
231,2011,7,24
1041,2011,16,05
99,2011,17,24
1079,2011,14,07
5,2011,12,12
22,2011,1,15
40,2011,10,22
52,2011,24,10
6,2011,18,19
623,2011,20,26
126,2011,15,19
138,2011,19,24
205,2011,24,04B
4,2011,22,12
985,2011,18,14
173,2011,3,24
36,2011,24,20
16,2011,1,22
2632,2011,16,06
183,2011,10,15
1251,2011,15,14
1175,2011,19,05
311,2011,5,15
2038,2011,9,18
2817,2011,3,06
42,2011,2,19
13,2011,12,13
1050,2011,17,05
2107,2011,12,08B
48,2011,16,24
1751,2011,7,05
3180,2011,7,06
2372,2011,17,06
11,2011,5,22
14,2011,24,09
1772,2011,3,05
1662,2011,2,14
301,2011,9,04A
1748,2011,22,08B
31,2011,9,01A
5603,2011,19,06
5648,2011,1,06
127,2011,18,16
28,2011,16,22
40,2011,15,16
15,2011,12,09
88,2011,9,02
966,2011,8,03
819,2011,10,05
1123,2011,4,07
14,2011,22,09
43,2011,11,17
422,2011,25,11
2304,2011,10,06
32,2011,16,15
1,2011,24,13
965,2011,11,08A
164,2011,5,24
207,2011,1,05
1569,2011,24,08B
360,2011,24,11
2,2011,8,12
92,2011,11,02
914,2011,17,26
63,2011,4,16
1865,2011,7,26
1184,2011,19,26
3025,2011,25,08B
1593,2011,14,14
52,2011,20,24
5,2011,25,13
795,2011,9,08A
469,2011,15,07
403,2011,18,07
6,2011,14,19
78,2011,9,17
1992,2011,3,26
15,2011,20,22
38,2011,25,09
1307,2011,10,26
4834,2011,11,18
511,2011,8,04B
391,2011,22,11
104,2011,8,20
464,2011,12,11
389,2011,11,04A
1366,2011,1,26
44,2011,11,01A
29,2011,20,15
120,2011,8,10
48,2011,8,09
493,2011,25,04B
99,2011,25,20
348,2011,6,04A
571,2011,12,03
28,2011,4,19
36,2011,6,01A
52,2011,14,16
472,2011,22,03
2548,2011,6,18
1428,2011,5,26
129,2011,25,10
2427,2011,4,14
6,2011,25,12
411,2011,20,05
1877,2011,16,26
3371,2011,8,08B
2,2011,8,13
820,2011,2,07
115,2011,6,02
1502,2011,20,06
425,2011,24,03
516,2011,19,03
3,2011,18,01A
221,2011,15,04A
42,2011,25,22
6,2011,20,09
981,2011,7,03
19,2011,15,01A
65,2011,18,04A
348,2011,17,03
937,2011,3,03
3918,2011,15,18
506,2011,16,11
471,2011,18,18
253,2011,25,15
847,2011,20,08B
1162,2011,4,08A
217,2011,25,24
1,2011,20,13
2568,2011,8,05
677,2011,10,03
55,2011,4,17
1022,2011,11,07
309,2011,5,11
183,2011,9,16
4763,2011,8,06
76,2011,15,02
40,2011,18,02
361,2011,1,03
948,2011,1,11
380,2011,8,24
1306,2011,12,26
2024,2011,25,05
1109,2011,22,26
1258,2011,6,07
213,2011,10,11
3666,2011,25,06
652,2011,5,03
78,2011,2,02
174,2011,16,03
15,2011,20,20
368,2011,3,11
20,2011,2,01A
46,2011,8,22
229,2011,2,04A
102,2011,20,04B
2399,2011,9,14
351,2011,7,11
294,2011,17,11
26,2011,20,10
554,2011,14,08A
1099,2011,24,26
263,2011,8,15
47,2011,9,19
41,2011,14,17
1494,2011,2,18
913,2011,19,11
1608,2011,19,08B
65,2011,5,10
34,2011,10,09
1904,2011,25,26
4,2011,19,13
1749,2011,11,14
2371,2011,22,06
6,2011,17,13
2,2011,16,12
7,2011,7,13
3891,2011,7,08B
47,2011,14,02
1420,2011,17,08B
1069,2011,12,05
4986,2011,12,06
1,2011,3,13
3108,2011,3,08B
66,2011,5,20
5,2011,1,09
108,2011,11,19
1123,2011,22,05
538,2011,5,04B
169,2011,20,03
2463,2011,24,06
31,2011,16,20
16,2011,17,09
38,2011,7,09
824,2011,2,08A
159,2011,6,16
7,2011,19,09
2709,2011,10,08B
670,2011,14,18
2,2011,10,13
40,2011,2,17
109,2011,16,04B
54,2011,16,10
2,2011,1,13
6,2011,14,01A
127,2011,14,04A
725,2011,24,05
16,2011,3,09
996,2011,1,08B
1,2011,5,12
2,2011,10,12
657,2011,15,08A
12,2011,19,20
172,2011,17,04B
1463,2011,9,07
76,2011,3,10
732,2011,7,04B
379,2011,18,08A
43,2011,15,17
14,2011,16,09
159,2011,22,15
36,2011,17,20
197,2011,19,04B
59,2011,18,17
53,2011,12,22
86,2011,7,20
4,2011,5,13
98,2011,24,24
2791,2011,5,08B
12,2011,1,12
82,2011,19,10
69,2011,3,20
9,2011,22,22
105,2011,4,02
44,2011,7,10
105,2011,12,15
34,2011,17,10
617,2011,3,04B
222,2011,20,11
408,2011,11,16
1473,2011,16,08B
211,2011,12,24
2186,2011,8,26
1,2011,7,12
3,2011,16,13
469,2011,10,04B
3,2011,17,12
81,2011,24,15
434,2011,4,04A
59,2011,10,20
135,2011,1,10
4,2011,19,12
34,2011,6,19
19,2011,4,01A
88,2011,1,04B
1,2011,12,11
100,2011,22,24
1874,2011,4,18
30,2011,24,22
1833,2011,6,14
50,2011,10,10
9,2011,1,20
25,2011,5,09
1,2011,3,12
484,2011,16,08A
48,2011,2,20
58,2011,16,17
366,2011,2,04B
70,2011,20,04A
63,2011,12,16
19,2011,15,09
255,2011,11,15
5,2011,18,09
5,2011,20,01A
59,2011,2,10
476,2011,14,03
35,2011,11,22
458,2011,20,18
1,2011,22,16
2516,2011,15,08B
11,2011,18,13
1664,2011,6,05
3,2011,15,13
1370,2011,18,08B
913,2011,5,08A
178,2011,11,24
1564,2011,25,07
36,2011,20,02
7,2011,24,16
497,2011,4,11
3477,2011,6,06
29,2011,5,17
870,2011,4,03
22,2011,12,19
64,2011,10,17
5,2011,2,13
1410,2011,22,14
2858,2011,11,06
2494,2011,2,08B
651,2011,10,08A
193,2011,6,24
6,2011,18,12
1961,2011,12,14
22,2011,22,19
54,2011,1,17
894,2011,11,05
1494,2011,8,07
466,2011,1,08A
1230,2011,24,14
19,2011,6,22
500,2011,19,08A
61,2011,15,20
62,2011,7,17
15,2011,18,20
55,2011,17,17
372,2011,14,11
182,2011,18,04B
69,2011,19,17
1074,2011,7,08A
10,2011,2,09
376,2011,17,08A
405,2011,15,04B
10,2011,24,19
86,2011,18,10
869,2011,3,08A
314,2011,6,15
43,2011,15,10
1483,2011,9,26
66,2011,3,17
273,2011,10,04A
87,2011,4,20
28,2011,25,19
30,2011,10,01A
406,2011,1,18
87,2011,3,02
610,2011,4,04B
1841,2011,11,26
1,2011,1,01A
1915,2011,10,18
2,2011,14,13
122,2011,7,02
85,2011,4,10
1841,2011,14,08B
2333,2011,25,14
60,2011,1,04A
50,2011,17,02
71,2011,19,02
8,2011,17,01A
727,2011,15,03
60,2011,7,01A
438,2011,7,04A
447,2011,18,03
126,2011,17,04A
26,2011,1,02
5,2011,4,12
108,2011,19,04A
2012,2011,3,18
8,2011,19,01A
2965,2011,9,06
274,2011,8,16
81,2011,10,02
1344,2011,9,05
2478,2011,7,18
666,2011,17,18
883,2011,19,18
344,2011,2,11
36,2011,3,01A
332,2011,3,04A
21,2011,14,09
50,2011,14,10
222,2011,20,08A
3619,2011,4,08B
695,2011,2,03
1,2011,4,13
117,2011,16,04A
30,2011,20,17
376,2011,25,16
3,2011,16,01A
450,2011,24,07
95,2011,5,02
49,2011,14,20
477,2011,16,18
226,2011,14,04B
1425,2011,18,11
301,2011,9,24
282,2011,15,11
257,2011,9,15
34,2011,8,19
1924,2011,6,26
591,2011,22,07
29,2011,4,09
1765,2011,5,18
30,2011,9,22
3403,2011,8,14
27,2011,5,01A
32,2011,16,02
1141,2011,12,07
3,2011,14,12
354,2011,5,04A
1641,2012,7,26
81,2012,4,16
803,2012,17,26
90,2012,11,02
2,2012,8,12
310,2012,24,11
9,2012,25,13
43,2012,20,24
1451,2012,14,14
2948,2012,25,08B
1122,2012,19,26
270,2012,18,07
516,2012,15,07
754,2012,9,08A
1760,2012,3,26
1,2012,14,19
84,2012,9,17
417,2012,22,11
496,2012,8,04B
5238,2012,11,18
53,2012,25,09
1216,2012,10,26
12,2012,20,22
104,2012,8,20
35,2012,20,15
1266,2012,1,26
38,2012,11,01A
327,2012,11,04A
441,2012,12,11
147,2012,8,10
467,2012,25,04B
1,2012,9,01B
41,2012,8,09
42,2012,6,01A
578,2012,12,03
18,2012,4,19
87,2012,25,20
319,2012,6,04A
33,2012,14,16
2648,2012,4,14
133,2012,25,10
1277,2012,5,26
2303,2012,6,18
490,2012,22,03
459,2012,20,05
2,2012,25,12
7,2012,8,13
3196,2012,8,08B
1558,2012,16,26
641,2012,2,07
375,2012,24,03
1601,2012,20,06
109,2012,6,02
283,2012,10,24
284,2012,3,15
45,2012,2,16
940,2012,6,08A
279,2012,12,04B
28,2012,19,22
15,2012,7,22
75,2012,22,10
38,2012,12,20
33,2012,17,22
2316,2012,5,06
41,2012,6,17
792,2012,25,03
731,2012,8,11
11,2012,3,22
6,2012,24,12
60,2012,19,15
1104,2012,5,05
203,2012,22,04B
60,2012,1,24
449,2012,7,15
68,2012,17,15
34,2012,22,20
95,2012,12,10
6,2012,12,12
951,2012,14,07
97,2012,17,24
871,2012,16,05
344,2012,7,24
80,2012,19,24
131,2012,15,19
525,2012,20,26
7,2012,18,19
44,2012,24,10
51,2012,10,22
28,2012,1,15
2,2012,22,12
166,2012,24,04B
1155,2012,15,14
209,2012,10,15
2832,2012,16,06
39,2012,24,20
14,2012,1,22
1001,2012,18,14
212,2012,3,24
337,2012,5,15
1371,2012,19,05
1466,2012,7,05
2054,2012,12,08B
56,2012,16,24
1008,2012,17,05
2,2012,12,13
41,2012,2,19
2844,2012,3,06
1542,2012,9,18
1444,2012,3,05
11,2012,24,09
9,2012,5,22
2422,2012,17,06
3069,2012,7,06
5625,2012,19,06
40,2012,9,01A
3,2012,22,13
1643,2012,22,08B
301,2012,9,04A
1453,2012,2,14
13,2012,12,09
14,2012,15,16
15,2012,16,22
6015,2012,1,06
92,2012,18,16
799,2012,10,05
953,2012,8,03
70,2012,9,02
39,2012,16,15
420,2012,25,11
2351,2012,10,06
43,2012,11,17
16,2012,22,09
806,2012,4,07
1596,2012,24,08B
252,2012,1,05
860,2012,11,08A
167,2012,5,24
3,2012,24,13
757,2012,2,05
1,2012,17,19
123,2012,7,19
4,2012,19,19
609,2012,9,11
198,2012,15,24
1951,2012,3,14
79,2012,18,24
1,2012,6,12
47,2012,24,17
1985,2012,7,14
190,2012,5,16
1234,2012,17,14
106,2012,25,02
312,2012,20,07
509,2012,24,08A
948,2012,14,26
1555,2012,19,14
10,2012,11,13
3412,2012,11,08B
3016,2012,2,06
52,2012,3,19
20,2012,25,01A
76,2012,12,17
45,2012,18,22
83,2012,10,19
6,2012,16,16
15,2012,15,22
51,2012,6,20
570,2012,1,14
358,2012,25,04A
729,2012,12,08A
540,2012,6,04B
10,2012,31,18
154,2012,15,15
1622,2012,10,14
90,2012,6,10
24,2012,22,17
1,2012,1,19
31,2012,18,15
39,2012,11,09
2114,2012,25,18
563,2012,22,08A
19,2012,19,16
38,2012,8,01A
8,2012,2,22
296,2012,8,04A
51,2012,11,10
1652,2012,4,26
15,2012,17,16
1898,2012,5,14
19,2012,6,09
312,2012,7,16
699,2012,11,04B
1922,2012,8,18
134,2012,2,15
97,2012,3,16
25,2012,5,19
65,2012,11,20
2,2012,6,13
595,2012,18,05
3296,2012,6,08B
664,2012,15,05
44,2012,10,16
120,2012,2,24
109,2012,8,02
3,2012,11,12
587,2012,9,03
1464,2012,16,14
1905,2012,15,06
6964,2012,18,06
33,2012,1,16
1767,2012,4,05
97,2012,8,17
68,2012,14,15
215,2012,1,07
1008,2012,8,08A
42,2012,14,22
741,2012,6,11
3570,2012,4,06
1038,2012,11,03
4,2012,9,12
766,2012,10,07
76,2012,9,10
628,2012,3,07
6,2012,20,19
1042,2012,18,26
1363,2012,15,26
826,2012,19,07
68,2012,9,20
495,2012,9,04B
849,2012,17,07
663,2012,20,14
706,2012,7,07
115,2012,14,24
684,2012,24,18
44,2012,22,02
29,2012,4,22
1372,2012,2,26
3589,2012,14,06
1202,2012,14,05
317,2012,4,15
129,2012,24,04A
63,2012,12,02
649,2012,16,07
15,2012,24,01A
27,2012,9,09
41,2012,24,02
677,2012,5,07
758,2012,11,11
6,2012,20,16
194,2012,12,04A
17,2012,12,01A
895,2012,22,18
1069,2012,6,03
77,2012,25,17
224,2012,4,24
872,2012,25,08A
8,2012,9,13
13,2012,22,01A
1003,2012,12,18
162,2012,22,04A
2595,2012,9,08B
329,2012,1,18
34,2012,10,01A
31,2012,25,19
68,2012,4,20
272,2012,10,04A
1,2012,31,14
570,2012,4,04B
76,2012,3,02
46,2012,17,02
2145,2012,25,14
71,2012,1,04A
1612,2012,14,08B
120,2012,7,02
119,2012,4,10
2,2012,14,13
2170,2012,10,18
1674,2012,11,26
1,2012,1,01A
58,2012,19,02
44,2012,1,02
359,2012,18,03
96,2012,17,04A
348,2012,7,04A
40,2012,7,01A
613,2012,15,03
8,2012,17,01A
160,2012,8,16
3246,2012,9,06
2013,2012,3,18
6,2012,19,01A
87,2012,19,04A
3,2012,4,12
497,2012,17,18
2441,2012,7,18
1147,2012,9,05
85,2012,10,02
28,2012,14,09
322,2012,3,04A
954,2012,19,18
382,2012,2,11
40,2012,3,01A
5,2012,4,13
648,2012,2,03
3455,2012,4,08B
262,2012,20,08A
47,2012,14,10
342,2012,24,07
84,2012,5,02
7,2012,16,01A
352,2012,25,16
88,2012,16,04A
31,2012,20,17
48,2012,14,20
239,2012,9,24
251,2012,15,11
1299,2012,18,11
203,2012,14,04B
490,2012,16,18
291,2012,9,15
31,2012,8,19
1686,2012,5,18
26,2012,4,09
533,2012,22,07
1628,2012,6,26
2921,2012,8,14
51,2012,9,22
340,2012,5,04A
1,2012,14,12
1175,2012,12,07
31,2012,16,02
33,2012,5,01A
51,2012,2,20
459,2012,16,08A
5,2012,20,01A
266,2012,11,15
2,2012,18,09
25,2012,15,09
45,2012,12,16
66,2012,16,17
376,2012,2,04B
61,2012,20,04A
465,2012,14,03
80,2012,2,10
1,2012,22,16
362,2012,20,18
15,2012,11,22
1422,2012,18,08B
1,2012,15,13
1261,2012,6,05
5,2012,18,13
2648,2012,15,08B
894,2012,5,08A
176,2012,11,24
62,2012,5,17
3514,2012,6,06
476,2012,4,11
41,2012,24,16
25,2012,20,02
1454,2012,25,07
2296,2012,2,08B
2829,2012,11,06
1326,2012,22,14
4,2012,2,13
64,2012,10,17
846,2012,4,03
25,2012,12,19
6,2012,18,12
240,2012,6,24
746,2012,10,08A
2,2012,15,12
42,2012,1,17
17,2012,22,19
1785,2012,12,14
497,2012,1,08A
1244,2012,8,07
947,2012,11,05
50,2012,17,17
21,2012,18,20
57,2012,7,17
55,2012,15,20
490,2012,19,08A
1107,2012,24,14
9,2012,6,22
426,2012,15,04B
345,2012,17,08A
6,2012,2,09
1010,2012,7,08A
84,2012,19,17
141,2012,18,04B
360,2012,14,11
46,2012,15,10
354,2012,6,15
914,2012,3,08A
115,2012,18,10
7,2012,24,19
47,2012,3,17
1290,2012,9,26
2343,2012,22,06
1848,2012,11,14
5,2012,19,13
28,2012,10,09
1713,2012,25,26
52,2012,5,10
1772,2012,19,08B
972,2012,12,05
1384,2012,17,08B
50,2012,14,02
3867,2012,7,08B
5,2012,7,13
4,2012,16,12
3,2012,17,13
89,2012,11,19
44,2012,5,20
3062,2012,3,08B
6,2012,3,13
4791,2012,12,06
498,2012,5,04B
767,2012,22,05
37,2012,6,16
782,2012,2,08A
32,2012,7,09
14,2012,17,09
43,2012,16,20
2252,2012,24,06
149,2012,20,03
50,2012,2,17
95,2012,16,04B
2,2012,10,13
797,2012,14,18
2818,2012,10,08B
13,2012,19,09
63,2012,16,10
1044,2012,1,08B
1,2012,5,12
22,2012,3,09
610,2012,24,05
136,2012,14,04A
9,2012,14,01A
4,2012,1,13
356,2012,18,08A
712,2012,7,04B
174,2012,17,04B
1086,2012,9,07
87,2012,3,10
27,2012,19,20
1,2012,10,12
637,2012,15,08A
73,2012,7,20
45,2012,12,22
28,2012,18,17
171,2012,19,04B
25,2012,17,20
130,2012,22,15
13,2012,16,09
48,2012,15,17
53,2012,3,20
73,2012,19,10
2751,2012,5,08B
9,2012,1,12
114,2012,24,24
5,2012,5,13
530,2012,11,16
227,2012,20,11
60,2012,17,10
598,2012,3,04B
98,2012,12,15
94,2012,4,02
67,2012,7,10
14,2012,22,22
2,2012,17,12
532,2012,10,04B
10,2012,16,13
1,2012,7,12
2011,2012,8,26
1434,2012,16,08B
205,2012,12,24
40,2012,4,01A
19,2012,6,19
4,2012,19,12
68,2012,10,20
155,2012,1,10
446,2012,4,04A
95,2012,24,15
119,2012,22,24
84,2012,1,04B
36,2012,5,09
71,2012,10,10
1948,2012,6,14
30,2012,24,22
9,2012,1,20
1539,2012,4,18
550,2012,19,03
50,2012,18,04A
270,2012,17,03
26,2012,15,01A
946,2012,7,03
2,2012,20,09
40,2012,25,22
258,2012,15,04A
5,2012,18,01A
936,2012,3,03
192,2012,25,15
349,2012,18,18
503,2012,16,11
3308,2012,15,18
2,2012,20,13
206,2012,25,24
1131,2012,4,08A
818,2012,20,08B
317,2012,5,11
1002,2012,11,07
52,2012,4,17
654,2012,10,03
1898,2012,8,05
4578,2012,8,06
55,2012,9,16
355,2012,1,03
54,2012,18,02
77,2012,15,02
1297,2012,12,26
366,2012,8,24
1141,2012,1,11
1483,2012,25,05
1,2012,20,12
614,2012,5,03
226,2012,10,11
3785,2012,25,06
844,2012,6,07
1071,2012,22,26
68,2012,2,02
14,2012,20,20
198,2012,16,03
2123,2012,9,14
212,2012,2,04A
84,2012,20,04B
42,2012,8,22
370,2012,3,11
26,2012,2,01A
442,2012,14,08A
1043,2012,24,26
32,2012,20,10
269,2012,17,11
478,2012,7,11
1030,2012,2,18
792,2012,19,11
265,2012,8,15
13,2012,9,19
45,2012,14,17
406,2013,3,11
16,2013,2,01A
29,2013,8,22
185,2013,2,04A
47,2013,20,04B
1733,2013,9,14
18,2013,20,20
143,2013,16,03
977,2013,19,11
1293,2013,2,18
40,2013,14,17
201,2013,8,15
8,2013,9,19
267,2013,17,11
417,2013,7,11
36,2013,20,10
1000,2013,24,26
382,2013,14,08A
1193,2013,25,05
3,2013,20,12
1370,2013,1,11
310,2013,8,24
1158,2013,12,26
64,2013,2,02
693,2013,6,07
1014,2013,22,26
569,2013,5,03
286,2013,10,11
3798,2013,25,06
679,2013,11,07
281,2013,5,11
1672,2013,8,05
588,2013,10,03
64,2013,4,17
811,2013,20,08B
988,2013,4,08A
1,2013,20,13
219,2013,25,24
56,2013,15,02
54,2013,18,02
311,2013,1,03
4536,2013,8,06
115,2013,9,16
24,2013,25,22
3,2013,20,09
5,2013,18,01A
198,2013,15,04A
25,2013,15,01A
314,2013,17,03
55,2013,18,04A
904,2013,7,03
531,2013,19,03
3555,2013,15,18
269,2013,18,18
173,2013,25,15
431,2013,16,11
769,2013,3,03
127,2013,1,10
81,2013,10,20
6,2013,19,12
89,2013,24,15
341,2013,4,04A
17,2013,6,19
33,2013,4,01A
1383,2013,16,08B
179,2013,12,24
1813,2013,8,26
5,2013,16,13
458,2013,10,04B
2,2013,17,12
1,2013,7,12
1489,2013,4,18
13,2013,1,20
1735,2013,6,14
19,2013,24,22
63,2013,10,10
21,2013,5,09
2,2013,3,12
83,2013,1,04B
126,2013,22,24
11,2013,16,09
36,2013,15,17
52,2013,18,17
41,2013,12,22
78,2013,7,20
148,2013,22,15
42,2013,17,20
130,2013,19,04B
605,2013,7,04B
600,2013,15,08A
15,2013,19,20
43,2013,3,10
862,2013,9,07
133,2013,17,04B
342,2013,18,08A
85,2013,12,15
512,2013,3,04B
35,2013,17,10
7,2013,22,22
101,2013,4,02
60,2013,7,10
347,2013,11,16
246,2013,20,11
93,2013,24,24
5,2013,5,13
12,2013,1,12
2619,2013,5,08B
74,2013,19,10
57,2013,3,20
4,2013,19,09
2367,2013,10,08B
5,2013,10,13
94,2013,16,04B
42,2013,2,17
461,2013,14,18
2201,2013,24,06
31,2013,16,20
165,2013,20,03
27,2013,7,09
733,2013,2,08A
96,2013,6,16
14,2013,17,09
13,2013,14,01A
2,2013,1,13
21,2013,3,09
1,2013,5,12
1088,2013,1,08B
133,2013,14,04A
476,2013,24,05
69,2013,16,10
9,2013,7,13
23,2013,17,13
7,2013,16,12
1219,2013,17,08B
811,2013,12,05
3608,2013,7,08B
43,2013,14,02
1622,2013,19,08B
46,2013,5,10
1765,2013,25,26
20,2013,10,09
2345,2013,22,06
8,2013,19,13
1506,2013,11,14
573,2013,22,05
382,2013,5,04B
3,2013,3,13
4301,2013,12,06
1,2013,15,01B
109,2013,11,19
2878,2013,3,08B
62,2013,5,20
3,2013,1,09
62,2013,19,17
368,2013,14,11
115,2013,18,04B
302,2013,17,08A
370,2013,15,04B
959,2013,7,08A
6,2013,2,09
423,2013,19,08A
46,2013,15,20
1070,2013,24,14
13,2013,6,22
44,2013,17,17
51,2013,7,17
15,2013,18,20
1296,2013,9,26
39,2013,3,17
101,2013,18,10
800,2013,3,08A
269,2013,6,15
40,2013,15,10
1,2013,15,12
669,2013,10,08A
226,2013,6,24
12,2013,18,12
707,2013,4,03
20,2013,12,19
53,2013,10,17
3,2013,2,13
2607,2013,11,06
2125,2013,2,08B
1141,2013,22,14
955,2013,8,07
661,2013,11,05
457,2013,1,08A
1452,2013,12,14
14,2013,22,19
56,2013,1,17
2,2013,2,12
2586,2013,15,08B
8,2013,18,13
1069,2013,6,05
4,2013,15,13
1297,2013,18,08B
13,2013,24,16
984,2013,25,07
14,2013,20,02
45,2013,5,17
3688,2013,6,06
528,2013,4,11
777,2013,5,08A
322,2013,11,24
15,2013,15,09
297,2013,2,04B
62,2013,20,04A
49,2013,16,17
72,2013,12,16
3,2013,20,01A
1,2013,18,09
261,2013,11,15
444,2013,16,08A
59,2013,2,20
13,2013,11,22
219,2013,20,18
3,2013,22,16
100,2013,2,10
432,2013,14,03
320,2013,22,07
23,2013,4,09
1524,2013,6,26
1513,2013,5,18
184,2013,9,15
26,2013,8,19
32,2013,5,01A
23,2013,16,02
302,2013,5,04A
860,2013,12,07
2,2013,14,12
46,2013,9,22
2685,2013,8,14
30,2013,20,17
98,2013,16,04A
4,2013,16,01A
70,2013,5,02
231,2013,24,07
210,2013,25,16
44,2013,14,10
232,2013,20,08A
3087,2013,4,08B
613,2013,2,03
6,2013,4,13
170,2013,14,04B
1230,2013,18,11
673,2013,16,18
240,2013,15,11
268,2013,9,24
43,2013,14,20
83,2013,19,04A
3,2013,4,12
75,2013,8,16
2,2013,19,01A
1483,2013,3,18
3101,2013,9,06
45,2013,7,01A
7,2013,17,01A
499,2013,15,03
113,2013,17,04A
283,2013,18,03
41,2013,1,02
307,2013,7,04A
435,2013,2,11
34,2013,3,01A
647,2013,19,18
18,2013,14,09
286,2013,3,04A
876,2013,9,05
91,2013,10,02
425,2013,17,18
1957,2013,7,18
445,2013,4,04B
68,2013,3,02
98,2013,4,20
221,2013,10,04A
27,2013,10,01A
307,2013,1,18
15,2013,25,19
55,2013,19,02
2,2013,14,13
2,2013,1,01A
1930,2013,11,26
2350,2013,10,18
1864,2013,25,14
55,2013,1,04A
35,2013,17,02
87,2013,4,10
90,2013,7,02
1394,2013,14,08B
750,2013,25,08A
250,2013,4,24
1040,2013,6,03
952,2013,22,18
12,2013,12,01A
87,2013,25,17
620,2013,11,11
510,2013,5,07
35,2013,24,02
157,2013,12,04A
2,2013,20,16
168,2013,22,04A
2325,2013,9,08B
2,2013,9,13
874,2013,12,18
20,2013,22,01A
3365,2013,14,06
1280,2013,2,26
18,2013,4,22
57,2013,22,02
563,2013,24,18
29,2013,9,09
6,2013,24,01A
510,2013,16,07
111,2013,24,04A
247,2013,4,15
960,2013,14,05
49,2013,12,02
1316,2013,15,26
1099,2013,18,26
2,2013,20,19
498,2013,3,07
90,2013,9,10
85,2013,14,24
490,2013,20,14
396,2013,9,04B
643,2013,17,07
627,2013,7,07
69,2013,9,20
678,2013,19,07
879,2013,8,08A
219,2013,1,07
50,2013,14,15
110,2013,8,17
1503,2013,4,05
794,2013,11,03
518,2013,10,07
3,2013,9,12
724,2013,6,11
3224,2013,4,06
32,2013,14,22
138,2013,2,24
64,2013,10,16
1,2013,16,19
424,2013,15,05
3246,2013,6,08B
415,2013,18,05
2,2013,6,13
6271,2013,18,06
36,2013,1,16
1182,2013,16,14
1804,2013,15,06
1,2013,11,12
101,2013,8,02
448,2013,9,03
17,2013,17,16
1714,2013,4,26
120,2013,7,16
17,2013,6,09
1572,2013,5,14
43,2013,11,10
257,2013,8,04A
10,2013,19,16
7,2013,2,22
23,2013,8,01A
31,2013,5,19
68,2013,11,20
1563,2013,8,18
41,2013,3,16
112,2013,2,15
598,2013,11,04B
479,2013,6,04B
636,2013,12,08A
10,2013,15,22
629,2013,1,14
286,2013,25,04A
64,2013,6,20
16,2013,25,01A
8,2013,16,16
74,2013,10,19
117,2013,12,17
50,2013,18,22
548,2013,22,08A
32,2013,22,17
1799,2013,25,18
23,2013,11,09
31,2013,18,15
105,2013,6,10
1393,2013,10,14
181,2013,15,15
2,2013,6,12
1743,2013,3,14
103,2013,18,24
2,2013,19,19
197,2013,15,24
449,2013,9,11
2,2013,17,19
92,2013,7,19
638,2013,2,05
2908,2013,2,06
3248,2013,11,08B
48,2013,3,19
823,2013,14,26
459,2013,24,08A
5,2013,11,13
1441,2013,19,14
176,2013,5,16
1765,2013,7,14
207,2013,20,07
91,2013,25,02
1124,2013,17,14
52,2013,24,17
828,2013,8,03
675,2013,10,05
58,2013,9,02
5713,2013,1,06
71,2013,18,16
17,2013,16,22
12,2013,12,09
46,2013,15,16
839,2013,11,08A
152,2013,5,24
1,2013,24,13
1456,2013,24,08B
189,2013,1,05
40,2013,11,17
715,2013,4,07
5,2013,22,09
56,2013,16,15
485,2013,25,11
2154,2013,10,06
30,2013,2,19
6,2013,12,13
1483,2013,9,18
2751,2013,3,06
1009,2013,7,05
656,2013,17,05
1863,2013,12,08B
67,2013,16,24
835,2013,19,05
258,2013,5,15
1544,2013,22,08B
1136,2013,2,14
234,2013,9,04A
24,2013,9,01A
5197,2013,19,06
2,2013,22,13
2269,2013,17,06
3056,2013,7,06
1268,2013,3,05
4,2013,5,22
7,2013,24,09
46,2013,10,22
32,2013,24,10
3,2013,18,19
544,2013,20,26
24,2013,1,15
122,2013,19,24
83,2013,15,19
721,2013,16,05
86,2013,17,24
345,2013,7,24
697,2013,14,07
2,2013,12,12
747,2013,18,14
178,2013,3,24
194,2013,10,15
1075,2013,15,14
7,2013,1,22
34,2013,24,20
2615,2013,16,06
3,2013,22,12
138,2013,24,04B
53,2013,6,17
2218,2013,5,06
622,2013,25,03
67,2013,22,10
47,2013,12,20
9,2013,7,22
24,2013,17,22
256,2013,12,04B
936,2013,6,08A
63,2013,2,16
243,2013,3,15
29,2013,19,22
334,2013,10,24
342,2013,7,15
71,2013,12,10
47,2013,22,20
36,2013,17,15
70,2013,1,24
1,2013,24,12
12,2013,3,22
655,2013,8,11
183,2013,22,04B
979,2013,5,05
37,2013,19,15
1974,2013,16,26
2857,2013,8,08B
5,2013,8,13
291,2013,20,05
6,2013,25,12
109,2013,6,02
298,2013,24,03
1400,2013,20,06
524,2013,2,07
317,2013,6,04A
94,2013,25,20
458,2013,12,03
18,2013,4,19
36,2013,6,01A
34,2013,8,09
352,2013,25,04B
504,2013,22,03
1832,2013,6,18
2149,2013,4,14
1331,2013,5,26
123,2013,25,10
12,2013,14,16
106,2013,8,20
8,2013,20,22
1225,2013,10,26
44,2013,25,09
6784,2013,11,18
437,2013,22,11
389,2013,8,04B
110,2013,8,10
299,2013,11,04A
545,2013,12,11
25,2013,20,15
36,2013,11,01A
1377,2013,1,26
1221,2013,14,14
1069,2013,19,26
2748,2013,25,08B
19,2013,25,13
46,2013,20,24
336,2013,24,11
5,2013,8,12
78,2013,11,02
1703,2013,7,26
706,2013,17,26
60,2013,4,16
99,2013,9,17
2,2013,14,19
1824,2013,3,26
676,2013,9,08A
386,2013,15,07
1,2013,31,13
265,2013,18,07
63,2014,16,10
3,2014,1,13
5,2014,14,01A
457,2014,24,05
129,2014,14,04A
1159,2014,1,08B
1,2014,5,12
19,2014,3,09
106,2014,20,03
30,2014,16,20
1746,2014,24,06
13,2014,17,09
624,2014,2,08A
38,2014,6,16
47,2014,7,09
2231,2014,10,08B
17,2014,19,09
313,2014,14,18
1,2014,10,13
44,2014,2,17
88,2014,16,04B
3837,2014,12,06
6,2014,3,13
74,2014,5,20
2,2014,1,09
2447,2014,3,08B
85,2014,11,19
495,2014,22,05
390,2014,5,04B
41,2014,5,10
24,2014,10,09
1714,2014,25,26
1383,2014,19,08B
3,2014,19,13
1319,2014,11,14
1975,2014,22,06
2,2014,16,12
7,2014,17,13
5,2014,7,13
53,2014,14,02
3045,2014,7,08B
719,2014,12,05
1057,2014,17,08B
103,2014,1,04B
98,2014,22,24
1672,2014,4,18
1,2014,3,12
41,2014,10,10
1621,2014,6,14
13,2014,24,22
13,2014,1,20
19,2014,5,09
111,2014,12,24
1324,2014,16,08B
1794,2014,8,26
3,2014,17,12
4,2014,16,13
442,2014,10,04B
66,2014,24,15
361,2014,4,04A
4,2014,19,12
61,2014,10,20
129,2014,1,10
33,2014,4,01A
21,2014,6,19
1,2014,5,13
71,2014,24,24
92,2014,19,10
58,2014,3,20
2264,2014,5,08B
8,2014,1,12
94,2014,4,02
53,2014,7,10
2,2014,22,22
37,2014,17,10
469,2014,3,04B
56,2014,12,15
294,2014,20,11
542,2014,11,16
23,2014,19,20
585,2014,9,07
134,2014,17,04B
55,2014,3,10
4,2014,10,12
585,2014,15,08A
643,2014,7,04B
340,2014,18,08A
33,2014,15,17
10,2014,16,09
33,2014,17,20
138,2014,19,04B
117,2014,22,15
69,2014,7,20
45,2014,18,17
23,2014,12,22
20,2014,9,16
3936,2014,8,06
63,2014,15,02
52,2014,18,02
272,2014,1,03
887,2014,4,08A
715,2014,20,08B
253,2014,25,24
2,2014,20,13
59,2014,4,17
1417,2014,8,05
540,2014,10,03
398,2014,5,11
577,2014,11,07
602,2014,3,03
2993,2014,15,18
605,2014,16,11
238,2014,18,18
146,2014,25,15
386,2014,19,03
242,2014,15,04A
5,2014,18,01A
8,2014,20,09
18,2014,25,22
698,2014,7,03
66,2014,18,04A
224,2014,17,03
32,2014,15,01A
553,2014,7,11
369,2014,17,11
328,2014,14,08A
816,2014,24,26
29,2014,20,10
186,2014,8,15
9,2014,9,19
48,2014,14,17
830,2014,2,18
914,2014,19,11
117,2014,16,03
13,2014,20,20
19,2014,8,22
535,2014,3,11
16,2014,2,01A
1687,2014,9,14
49,2014,20,04B
198,2014,2,04A
1003,2014,22,26
569,2014,6,07
2934,2014,25,06
361,2014,10,11
482,2014,5,03
53,2014,2,02
1378,2014,1,11
336,2014,8,24
1067,2014,12,26
2,2014,20,12
785,2014,25,05
10,2014,31,06
72,2014,10,02
823,2014,9,05
1831,2014,7,18
340,2014,17,18
650,2014,19,18
596,2014,2,11
18,2014,3,01A
283,2014,3,04A
8,2014,14,09
513,2014,15,03
3,2014,17,01A
49,2014,7,01A
355,2014,7,04A
228,2014,18,03
112,2014,17,04A
42,2014,1,02
3,2014,4,12
79,2014,19,04A
2783,2014,9,06
1165,2014,3,18
6,2014,19,01A
116,2014,8,16
1884,2014,11,26
1,2014,1,01A
1891,2014,10,18
1,2014,14,13
1316,2014,14,08B
95,2014,7,02
58,2014,4,10
1646,2014,25,14
63,2014,1,04A
40,2014,17,02
69,2014,19,02
223,2014,10,04A
91,2014,4,20
15,2014,25,19
24,2014,10,01A
230,2014,1,18
84,2014,3,02
475,2014,4,04B
23,2014,9,22
2399,2014,8,14
20,2014,5,01A
35,2014,16,02
634,2014,12,07
275,2014,5,04A
160,2014,9,15
23,2014,8,19
1473,2014,6,26
24,2014,4,09
336,2014,22,07
1171,2014,5,18
40,2014,14,20
474,2014,16,18
1189,2014,18,11
180,2014,14,04B
225,2014,9,24
385,2014,15,11
2856,2014,4,08B
186,2014,20,08A
38,2014,14,10
610,2014,2,03
95,2014,16,04A
29,2014,20,17
220,2014,25,16
8,2014,16,01A
257,2014,24,07
66,2014,5,02
416,2014,11,24
767,2014,5,08A
26,2014,20,02
788,2014,25,07
29,2014,24,16
627,2014,4,11
3263,2014,6,06
45,2014,5,17
965,2014,6,05
5,2014,18,13
2320,2014,15,08B
1287,2014,18,08B
4,2014,15,13
1,2014,2,12
97,2014,2,10
339,2014,14,03
287,2014,20,18
15,2014,11,22
4,2014,22,16
401,2014,16,08A
55,2014,2,20
61,2014,12,16
52,2014,16,17
288,2014,2,04B
40,2014,20,04A
13,2014,15,09
236,2014,11,15
4,2014,18,09
3,2014,20,01A
88,2014,18,10
43,2014,15,10
749,2014,3,08A
276,2014,6,15
1192,2014,9,26
51,2014,3,17
868,2014,24,14
8,2014,6,22
51,2014,15,20
389,2014,19,08A
14,2014,18,20
44,2014,7,17
45,2014,17,17
132,2014,18,04B
438,2014,14,11
75,2014,19,17
5,2014,2,09
875,2014,7,08A
322,2014,15,04B
276,2014,17,08A
1405,2014,12,14
47,2014,1,17
6,2014,22,19
547,2014,11,05
841,2014,8,07
442,2014,1,08A
59,2014,10,17
2,2014,2,13
604,2014,4,03
4,2014,12,19
930,2014,22,14
1921,2014,2,08B
2101,2014,11,06
611,2014,10,08A
2,2014,15,12
6,2014,18,12
222,2014,6,24
1493,2014,25,18
38,2014,18,15
27,2014,11,09
55,2014,22,17
1,2014,1,19
159,2014,15,15
1307,2014,10,14
103,2014,6,10
462,2014,22,08A
73,2014,6,20
562,2014,1,14
301,2014,25,04A
8,2014,15,22
100,2014,12,17
47,2014,18,22
22,2014,16,16
32,2014,10,19
23,2014,25,01A
578,2014,12,08A
468,2014,6,04B
89,2014,25,02
1013,2014,17,14
155,2014,20,07
1469,2014,7,14
102,2014,5,16
35,2014,24,17
27,2014,3,19
3036,2014,11,08B
2513,2014,2,06
3,2014,11,13
1289,2014,19,14
381,2014,24,08A
696,2014,14,26
40,2014,7,19
4,2014,17,19
604,2014,2,05
1398,2014,3,14
81,2014,18,24
1,2014,6,12
488,2014,9,11
265,2014,15,24
1,2014,19,19
472,2014,9,03
107,2014,8,02
5354,2014,18,06
23,2014,1,16
1456,2014,15,06
1,2014,12,01B
1154,2014,16,14
3031,2014,6,08B
373,2014,15,05
2,2014,6,13
273,2014,18,05
116,2014,2,24
11,2014,10,16
117,2014,2,15
38,2014,3,16
1361,2014,8,18
583,2014,11,04B
72,2014,11,20
18,2014,5,19
245,2014,8,04A
32,2014,8,01A
2,2014,2,22
10,2014,19,16
21,2014,6,09
1481,2014,5,14
92,2014,7,16
1809,2014,4,26
27,2014,17,16
55,2014,11,10
76,2014,9,20
370,2014,19,07
52,2014,14,24
452,2014,7,07
407,2014,17,07
394,2014,9,04B
455,2014,20,14
112,2014,9,10
388,2014,3,07
1386,2014,15,26
2,2014,20,19
930,2014,18,26
33,2014,14,22
5,2014,9,12
468,2014,10,07
760,2014,11,03
2908,2014,4,06
817,2014,6,11
1038,2014,4,05
90,2014,8,17
43,2014,14,15
783,2014,8,08A
210,2014,1,07
2179,2014,9,08B
144,2014,22,04A
565,2014,12,18
16,2014,22,01A
4,2014,9,13
70,2014,25,17
689,2014,22,18
9,2014,12,01A
779,2014,6,03
3,2014,20,16
166,2014,12,04A
50,2014,24,02
359,2014,5,07
593,2014,11,11
703,2014,25,08A
287,2014,4,24
10,2014,24,01A
394,2014,16,07
57,2014,12,02
745,2014,14,05
110,2014,24,04A
286,2014,4,15
38,2014,9,09
40,2014,22,02
21,2014,4,22
441,2014,24,18
3150,2014,14,06
1174,2014,2,26
638,2014,12,11
321,2014,11,04A
1208,2014,1,26
53,2014,11,01A
25,2014,20,15
100,2014,8,10
32,2014,25,09
1081,2014,10,26
6331,2014,11,18
8,2014,20,22
334,2014,8,04B
510,2014,22,11
94,2014,8,20
1,2014,13,26
445,2014,15,07
648,2014,9,08A
222,2014,18,07
69,2014,9,17
1806,2014,3,26
105,2014,11,02
2,2014,8,12
424,2014,24,11
44,2014,4,16
622,2014,17,26
1399,2014,7,26
2553,2014,25,08B
1031,2014,19,26
1069,2014,14,14
34,2014,20,24
6,2014,25,13
483,2014,2,07
77,2014,6,02
1172,2014,20,06
239,2014,24,03
2,2014,25,12
214,2014,20,05
1772,2014,16,26
2432,2014,8,08B
8,2014,8,13
10,2014,14,16
1416,2014,6,18
303,2014,22,03
1206,2014,5,26
88,2014,25,10
1836,2014,4,14
1,2014,9,01B
41,2014,8,09
351,2014,25,04B
120,2014,25,20
312,2014,6,04A
32,2014,6,01A
404,2014,12,03
25,2014,4,19
120,2014,24,04B
766,2014,18,14
242,2014,3,24
2147,2014,16,06
28,2014,24,20
12,2014,1,22
1009,2014,15,14
177,2014,10,15
313,2014,7,24
70,2014,17,24
623,2014,16,05
412,2014,14,07
5,2014,12,12
28,2014,1,15
463,2014,20,26
49,2014,24,10
38,2014,10,22
74,2014,15,19
91,2014,19,24
81,2014,1,24
34,2014,19,15
185,2014,22,04B
752,2014,5,05
918,2014,8,11
8,2014,3,22
45,2014,17,15
56,2014,22,20
89,2014,12,10
378,2014,7,15
46,2014,19,22
845,2014,6,08A
205,2014,3,15
16,2014,2,16
289,2014,12,04B
272,2014,10,24
534,2014,25,03
2092,2014,5,06
45,2014,6,17
23,2014,17,22
5,2014,7,22
41,2014,12,20
54,2014,22,10
6,2014,22,09
562,2014,4,07
53,2014,11,17
1944,2014,10,06
687,2014,25,11
48,2014,16,15
1,2014,24,13
214,2014,5,24
818,2014,11,08A
168,2014,1,05
1327,2014,24,08B
15,2014,16,22
5373,2014,1,06
82,2014,18,16
119,2014,15,16
15,2014,12,09
61,2014,9,02
588,2014,8,03
608,2014,10,05
2305,2014,7,06
2000,2014,17,06
10,2014,5,22
2,2014,24,09
898,2014,3,05
216,2014,9,04A
1114,2014,2,14
1289,2014,22,08B
5,2014,22,13
4366,2014,19,06
25,2014,9,01A
304,2014,5,15
724,2014,19,05
2171,2014,3,06
1208,2014,9,18
4,2014,12,13
6,2014,2,19
1697,2014,12,08B
56,2014,16,24
508,2014,17,05
833,2014,7,05
1456,2015,19,08B
1668,2015,25,26
32,2015,10,09
53,2015,5,10
1726,2015,22,06
1533,2015,11,14
3,2015,19,13
4,2015,7,13
1,2015,17,13
2,2015,16,12
1184,2015,17,08B
646,2015,12,05
2844,2015,7,08B
46,2015,14,02
2,2015,3,13
3629,2015,12,06
54,2015,11,19
2480,2015,3,08B
7,2015,1,09
70,2015,5,20
386,2015,5,04B
479,2015,22,05
1663,2015,24,06
37,2015,16,20
113,2015,20,03
32,2015,7,09
50,2015,6,16
592,2015,2,08A
22,2015,17,09
19,2015,19,09
2246,2015,10,08B
106,2015,16,04B
58,2015,2,17
5,2015,10,13
290,2015,14,18
42,2015,16,10
12,2015,14,01A
2,2015,1,13
17,2015,3,09
1,2015,5,12
1183,2015,1,08B
103,2015,14,04A
423,2015,24,05
708,2015,7,04B
556,2015,15,08A
2,2015,10,12
56,2015,3,10
586,2015,9,07
128,2015,17,04B
28,2015,19,20
326,2015,18,08A
8,2015,16,09
29,2015,15,17
44,2015,18,17
19,2015,12,22
80,2015,7,20
105,2015,22,15
144,2015,19,04B
48,2015,17,20
67,2015,24,24
3,2015,5,13
6,2015,1,12
2149,2015,5,08B
76,2015,3,20
93,2015,19,10
89,2015,12,15
539,2015,3,04B
41,2015,17,10
4,2015,22,22
87,2015,4,02
50,2015,7,10
536,2015,11,16
320,2015,20,11
1791,2015,8,26
1300,2015,16,08B
99,2015,12,24
467,2015,10,04B
3,2015,16,13
2,2015,17,12
1,2015,7,12
162,2015,1,10
67,2015,10,20
4,2015,19,12
387,2015,4,04A
68,2015,24,15
17,2015,6,19
30,2015,4,01A
130,2015,1,04B
82,2015,22,24
1210,2015,4,18
25,2015,5,09
14,2015,1,20
43,2015,10,10
1667,2015,6,14
9,2015,24,22
1,2015,3,12
371,2015,19,03
16,2015,25,22
2,2015,20,09
1,2015,18,01A
217,2015,15,04A
32,2015,15,01A
213,2015,17,03
55,2015,18,04A
589,2015,7,03
570,2015,3,03
2443,2015,15,18
165,2015,25,15
281,2015,18,18
722,2015,16,11
911,2015,4,08A
677,2015,20,08B
1,2015,20,13
244,2015,25,24
590,2015,11,07
407,2015,5,11
542,2015,10,03
1161,2015,8,05
59,2015,4,17
3377,2015,8,06
98,2015,9,16
77,2015,15,02
319,2015,1,03
69,2015,18,02
1254,2015,1,11
977,2015,12,26
254,2015,8,24
732,2015,25,05
1,2015,31,06
546,2015,6,07
990,2015,22,26
367,2015,5,03
2735,2015,25,06
375,2015,10,11
56,2015,2,02
12,2015,20,20
159,2015,16,03
11,2015,8,22
516,2015,3,11
23,2015,2,01A
52,2015,20,04B
161,2015,2,04A
1549,2015,9,14
391,2015,17,11
511,2015,7,11
31,2015,20,10
737,2015,24,26
307,2015,14,08A
964,2015,19,11
483,2015,2,18
48,2015,14,17
198,2015,8,15
10,2015,9,19
108,2015,4,20
244,2015,10,04A
207,2015,1,18
30,2015,10,01A
8,2015,25,19
449,2015,4,04B
75,2015,3,02
1,2015,14,13
1,2015,20,01B
1481,2015,10,18
4,2015,1,01A
1702,2015,11,26
53,2015,17,02
1632,2015,25,14
78,2015,1,04A
81,2015,7,02
71,2015,4,10
1136,2015,14,08B
88,2015,19,02
38,2015,7,01A
13,2015,17,01A
521,2015,15,03
30,2015,1,02
139,2015,17,04A
281,2015,18,03
296,2015,7,04A
100,2015,19,04A
1,2015,4,12
60,2015,8,16
9,2015,19,01A
718,2015,3,18
2352,2015,9,06
683,2015,9,05
74,2015,10,02
297,2015,17,18
2109,2015,7,18
623,2015,2,11
25,2015,3,01A
387,2015,19,18
15,2015,14,09
290,2015,3,04A
39,2015,14,10
2903,2015,4,08B
217,2015,20,08A
519,2015,2,03
18,2015,20,17
87,2015,16,04A
55,2015,5,02
244,2015,24,07
4,2015,16,01A
126,2015,25,16
28,2015,14,20
150,2015,14,04B
1273,2015,18,11
522,2015,16,18
420,2015,15,11
157,2015,9,24
203,2015,9,15
16,2015,8,19
333,2015,22,07
33,2015,4,09
1554,2015,6,26
776,2015,5,18
19,2015,9,22
2269,2015,8,14
41,2015,16,02
30,2015,5,01A
265,2015,5,04A
4,2015,14,12
670,2015,12,07
450,2015,16,08A
41,2015,2,20
29,2015,15,09
317,2015,2,04B
54,2015,20,04A
57,2015,16,17
25,2015,12,16
1,2015,1,01B
6,2015,20,01A
8,2015,18,09
278,2015,11,15
76,2015,2,10
299,2015,14,03
12,2015,11,22
195,2015,20,18
1,2015,22,16
1,2015,18,13
2217,2015,15,08B
1024,2015,6,05
1131,2015,18,08B
3,2015,15,13
737,2015,5,08A
380,2015,11,24
11,2015,24,16
775,2015,25,07
24,2015,20,02
2843,2015,6,06
32,2015,5,17
643,2015,4,11
1,2015,7,01B
562,2015,4,03
1,2015,12,19
1,2015,2,13
66,2015,10,17
1853,2015,11,06
1848,2015,2,08B
1065,2015,22,14
549,2015,10,08A
231,2015,6,24
5,2015,18,12
1494,2015,12,14
1,2015,16,01B
9,2015,22,19
53,2015,1,17
849,2015,8,07
469,2015,11,05
459,2015,1,08A
396,2015,19,08A
62,2015,15,20
901,2015,24,14
8,2015,6,22
44,2015,17,17
63,2015,7,17
17,2015,18,20
52,2015,19,17
448,2015,14,11
118,2015,18,04B
294,2015,17,08A
374,2015,15,04B
840,2015,7,08A
11,2015,2,09
6,2015,24,19
110,2015,18,10
312,2015,6,15
729,2015,3,08A
43,2015,15,10
1128,2015,9,26
50,2015,3,17
3,2015,17,19
78,2015,7,19
475,2015,2,05
1,2015,6,12
1567,2015,3,14
62,2015,18,24
1,2015,19,19
213,2015,15,24
461,2015,9,11
60,2015,5,16
1585,2015,7,14
190,2015,20,07
1052,2015,17,14
91,2015,25,02
49,2015,24,17
2439,2015,2,06
2975,2015,11,08B
11,2015,3,19
644,2015,14,26
339,2015,24,08A
1169,2015,19,14
4,2015,11,13
2,2015,15,22
732,2015,1,14
314,2015,25,04A
74,2015,6,20
33,2015,25,01A
32,2015,10,19
7,2015,16,16
75,2015,12,17
44,2015,18,22
502,2015,6,04B
555,2015,12,08A
25,2015,22,17
18,2015,11,09
34,2015,18,15
1328,2015,25,18
1339,2015,10,14
89,2015,6,10
202,2015,15,15
492,2015,22,08A
287,2015,8,04A
3,2015,19,16
31,2015,8,01A
6,2015,2,22
8,2015,17,16
1824,2015,4,26
175,2015,7,16
1425,2015,5,14
32,2015,6,09
53,2015,11,10
1190,2015,8,18
12,2015,3,16
117,2015,2,15
650,2015,11,04B
7,2015,5,19
70,2015,11,20
301,2015,15,05
2862,2015,6,08B
299,2015,18,05
3,2015,6,13
71,2015,2,24
5,2015,16,19
2,2015,10,16
117,2015,8,02
3,2015,11,12
534,2015,9,03
5287,2015,18,06
25,2015,1,16
1201,2015,16,14
1218,2015,15,06
53,2015,14,15
83,2015,8,17
1056,2015,4,05
811,2015,8,08A
196,2015,1,07
20,2015,14,22
869,2015,11,03
465,2015,10,07
2,2015,9,12
749,2015,6,11
2485,2015,4,06
402,2015,3,07
106,2015,9,10
1191,2015,15,26
3,2015,20,19
817,2015,18,26
416,2015,19,07
79,2015,9,20
60,2015,14,24
465,2015,20,14
435,2015,9,04B
466,2015,17,07
530,2015,7,07
15,2015,4,22
52,2015,22,02
361,2015,24,18
3150,2015,14,06
1039,2015,2,26
344,2015,16,07
10,2015,24,01A
263,2015,4,15
88,2015,24,04A
489,2015,14,05
69,2015,12,02
36,2015,9,09
769,2015,6,03
19,2015,12,01A
565,2015,22,18
79,2015,25,17
489,2015,11,11
376,2015,5,07
45,2015,24,02
179,2015,12,04A
3,2015,20,16
696,2015,25,08A
276,2015,4,24
188,2015,22,04A
2041,2015,9,08B
1,2015,9,13
22,2015,22,01A
560,2015,12,18
403,2015,24,11
110,2015,11,02
1,2015,8,12
1738,2015,7,26
585,2015,17,26
31,2015,4,16
1098,2015,14,14
915,2015,19,26
2500,2015,25,08B
2,2015,25,13
36,2015,20,24
603,2015,9,08A
442,2015,15,07
208,2015,18,07
53,2015,9,17
1,2015,14,19
1491,2015,3,26
4,2015,20,22
5428,2015,11,18
1063,2015,10,26
32,2015,25,09
639,2015,22,11
377,2015,8,04B
99,2015,8,20
369,2015,11,04A
678,2015,12,11
24,2015,20,15
49,2015,11,01A
1165,2015,1,26
92,2015,8,10
34,2015,8,09
376,2015,25,04B
319,2015,6,04A
103,2015,25,20
387,2015,12,03
11,2015,4,19
40,2015,6,01A
8,2015,14,16
268,2015,22,03
1224,2015,6,18
1870,2015,4,14
103,2015,25,10
1176,2015,5,26
188,2015,20,05
2572,2015,8,08B
1347,2015,16,26
9,2015,8,13
483,2015,2,07
74,2015,6,02
201,2015,24,03
1141,2015,20,06
284,2015,12,04B
11,2015,2,16
224,2015,3,15
943,2015,6,08A
26,2015,19,22
215,2015,10,24
1769,2015,5,06
44,2015,6,17
547,2015,25,03
56,2015,22,10
35,2015,12,20
7,2015,7,22
9,2015,17,22
72,2015,1,24
904,2015,8,11
1,2015,3,22
675,2015,5,05
200,2015,22,04B
33,2015,19,15
382,2015,7,15
43,2015,22,20
88,2015,12,10
42,2015,17,15
597,2015,16,05
50,2015,17,24
285,2015,7,24
1,2015,12,12
465,2015,14,07
46,2015,24,10
31,2015,10,22
476,2015,20,26
24,2015,1,15
84,2015,19,24
35,2015,15,19
1,2015,22,12
129,2015,24,04B
788,2015,18,14
187,2015,3,24
244,2015,10,15
1036,2015,15,14
12,2015,1,22
39,2015,24,20
2192,2015,16,06
597,2015,19,05
287,2015,5,15
3,2015,2,19
3,2015,12,13
1187,2015,9,18
2009,2015,3,06
755,2015,7,05
535,2015,17,05
1686,2015,12,08B
79,2015,16,24
1,2015,6,01B
2069,2015,17,06
1918,2015,7,06
954,2015,3,05
8,2015,24,09
5,2015,5,22
1338,2015,22,08B
1234,2015,2,14
259,2015,9,04A
32,2015,9,01A
4177,2015,19,06
1,2015,22,13
5650,2015,1,06
68,2015,18,16
12,2015,16,22
18,2015,12,09
6,2015,15,16
468,2015,10,05
639,2015,8,03
60,2015,9,02
42,2015,11,17
496,2015,4,07
8,2015,22,09
50,2015,16,15
679,2015,25,11
1624,2015,10,06
162,2015,5,24
893,2015,11,08A
2,2015,24,13
1159,2015,24,08B
176,2015,1,05
20,2016,22,17
46,2016,18,15
27,2016,11,09
603,2016,25,18
237,2016,15,15
1524,2016,10,14
104,2016,6,10
409,2016,22,08A
3,2016,15,22
158,2016,6,20
761,2016,1,14
352,2016,25,04A
38,2016,25,01A
37,2016,18,22
114,2016,12,17
16,2016,10,19
595,2016,12,08A
600,2016,6,04B
1551,2016,7,14
29,2016,5,16
1031,2016,17,14
85,2016,25,02
181,2016,20,07
59,2016,24,17
3120,2016,11,08B
2743,2016,2,06
8,2016,3,19
340,2016,24,08A
695,2016,14,26
1208,2016,19,14
2,2016,11,13
1,2016,17,19
35,2016,7,19
584,2016,2,05
1507,2016,3,14
49,2016,18,24
1,2016,6,12
1,2016,19,19
503,2016,9,11
142,2016,15,24
91,2016,8,02
1,2016,11,12
677,2016,9,03
6165,2016,18,06
6,2016,1,16
1181,2016,16,14
1421,2016,15,06
2998,2016,6,08B
324,2016,15,05
2,2016,6,13
343,2016,18,05
65,2016,2,24
3,2016,16,19
5,2016,10,16
529,2016,8,18
118,2016,2,15
3,2016,3,16
786,2016,11,04B
5,2016,5,19
110,2016,11,20
351,2016,8,04A
3,2016,19,16
59,2016,8,01A
6,2016,2,22
1575,2016,4,26
1,2016,17,16
1574,2016,5,14
28,2016,6,09
28,2016,7,16
45,2016,11,10
418,2016,19,07
98,2016,9,20
40,2016,14,24
460,2016,17,07
506,2016,9,04B
453,2016,20,14
516,2016,7,07
128,2016,9,10
424,2016,3,07
1055,2016,15,26
1,2016,20,19
751,2016,18,26
10,2016,14,22
1007,2016,11,03
2,2016,9,12
565,2016,10,07
708,2016,6,11
2304,2016,4,06
937,2016,4,05
74,2016,8,17
56,2016,14,15
842,2016,8,08A
230,2016,1,07
192,2016,22,04A
1,2016,31,08A
2053,2016,9,08B
2,2016,9,13
25,2016,22,01A
372,2016,12,18
28,2016,12,01A
285,2016,22,18
872,2016,6,03
68,2016,25,17
56,2016,24,02
436,2016,5,07
478,2016,11,11
237,2016,12,04A
700,2016,25,08A
160,2016,4,24
472,2016,16,07
12,2016,24,01A
641,2016,14,05
238,2016,4,15
120,2016,24,04A
79,2016,12,02
35,2016,9,09
23,2016,22,02
7,2016,4,22
173,2016,24,18
3683,2016,14,06
1030,2016,2,26
444,2016,11,04A
815,2016,12,11
41,2016,20,15
1133,2016,1,26
94,2016,11,01A
77,2016,8,10
3535,2016,11,18
51,2016,25,09
1188,2016,10,26
3,2016,20,22
549,2016,22,11
442,2016,8,04B
176,2016,8,20
512,2016,15,07
641,2016,9,08A
377,2016,18,07
65,2016,9,17
1326,2016,3,26
108,2016,11,02
2,2016,8,12
527,2016,24,11
1441,2016,7,26
6,2016,4,16
611,2016,17,26
1260,2016,14,14
2396,2016,25,08B
894,2016,19,26
4,2016,25,13
21,2016,20,24
471,2016,2,07
98,2016,6,02
317,2016,24,03
1175,2016,20,06
239,2016,20,05
3,2016,25,12
2577,2016,8,08B
1149,2016,16,26
3,2016,8,13
640,2016,6,18
294,2016,22,03
1905,2016,4,14
84,2016,25,10
1241,2016,5,26
1,2016,9,01B
65,2016,8,09
340,2016,25,04B
151,2016,25,20
427,2016,6,04A
58,2016,6,01A
552,2016,12,03
3,2016,4,19
2,2016,22,12
143,2016,24,04B
916,2016,18,14
126,2016,3,24
1234,2016,15,14
263,2016,10,15
2218,2016,16,06
70,2016,24,20
8,2016,1,22
31,2016,17,24
659,2016,16,05
199,2016,7,24
3,2016,12,12
559,2016,14,07
410,2016,20,26
2,2016,18,19
45,2016,24,10
33,2016,10,22
32,2016,1,15
71,2016,19,24
31,2016,15,19
53,2016,1,24
1017,2016,8,11
45,2016,19,15
664,2016,5,05
222,2016,22,04B
379,2016,7,15
51,2016,17,15
125,2016,12,10
133,2016,22,20
169,2016,3,15
1,2016,2,16
911,2016,6,08A
316,2016,12,04B
25,2016,19,22
148,2016,10,24
1720,2016,5,06
49,2016,6,17
578,2016,25,03
3,2016,7,22
79,2016,22,10
68,2016,12,20
4,2016,17,22
49,2016,11,17
14,2016,22,09
601,2016,4,07
36,2016,16,15
1820,2016,10,06
724,2016,25,11
895,2016,11,08A
123,2016,5,24
1,2016,24,13
1223,2016,24,08B
215,2016,1,05
6,2016,16,22
6547,2016,1,06
13,2016,18,16
23,2016,12,09
25,2016,15,16
492,2016,10,05
769,2016,8,03
64,2016,9,02
2016,2016,17,06
1789,2016,7,06
860,2016,3,05
6,2016,24,09
4,2016,5,22
1361,2016,22,08B
396,2016,9,04A
1372,2016,2,14
4252,2016,19,06
65,2016,9,01A
4,2016,22,13
282,2016,5,15
757,2016,19,05
3,2016,12,13
4,2016,2,19
1897,2016,3,06
620,2016,9,18
825,2016,7,05
1681,2016,12,08B
40,2016,16,24
507,2016,17,05
59,2016,16,10
9,2016,14,01A
4,2016,1,13
1226,2016,1,08B
1,2016,5,12
12,2016,3,09
398,2016,24,05
183,2016,14,04A
68,2016,16,20
1775,2016,24,06
133,2016,20,03
13,2016,6,16
630,2016,2,08A
40,2016,7,09
11,2016,17,09
2384,2016,10,08B
5,2016,19,09
48,2016,2,17
88,2016,16,04B
3,2016,10,13
128,2016,14,18
3,2016,3,13
4787,2016,12,06
32,2016,11,19
4,2016,1,09
106,2016,5,20
2335,2016,3,08B
489,2016,5,04B
543,2016,22,05
47,2016,10,09
1449,2016,25,26
47,2016,5,10
1446,2016,19,08B
1617,2016,22,06
1776,2016,11,14
2,2016,19,13
1,2016,7,13
2,2016,16,12
2,2016,17,13
673,2016,12,05
1137,2016,17,08B
48,2016,14,02
2745,2016,7,08B
149,2016,1,04B
76,2016,22,24
1,2016,2,01B
538,2016,4,18
2,2016,3,12
42,2016,5,09
43,2016,10,10
1958,2016,6,14
11,2016,24,22
27,2016,1,20
1500,2016,8,26
66,2016,12,24
1281,2016,16,08B
4,2016,17,12
660,2016,10,04B
1,2016,16,13
1,2016,7,12
2,2016,19,12
98,2016,10,20
235,2016,1,10
424,2016,4,04A
69,2016,24,15
41,2016,4,01A
9,2016,6,19
38,2016,24,24
2,2016,5,13
116,2016,3,20
126,2016,19,10
2143,2016,5,08B
9,2016,1,12
57,2016,17,10
554,2016,3,04B
82,2016,12,15
56,2016,7,10
81,2016,4,02
3,2016,22,22
512,2016,11,16
426,2016,20,11
727,2016,7,04B
562,2016,9,07
135,2016,17,04B
61,2016,3,10
36,2016,19,20
1,2016,10,12
589,2016,15,08A
354,2016,18,08A
11,2016,16,09
37,2016,15,17
99,2016,7,20
17,2016,12,22
37,2016,18,17
179,2016,19,04B
58,2016,17,20
122,2016,22,15
3456,2016,8,06
35,2016,9,16
61,2016,15,02
458,2016,1,03
106,2016,18,02
1045,2016,4,08A
682,2016,20,08B
95,2016,25,24
1,2016,14,01B
402,2016,5,11
776,2016,11,07
48,2016,4,17
630,2016,10,03
1474,2016,8,05
746,2016,3,03
1348,2016,15,18
208,2016,25,15
143,2016,18,18
868,2016,16,11
489,2016,19,03
1,2016,20,09
6,2016,25,22
280,2016,15,04A
5,2016,18,01A
95,2016,18,04A
344,2016,17,03
60,2016,15,01A
716,2016,7,03
536,2016,17,11
429,2016,7,11
351,2016,14,08A
705,2016,24,26
42,2016,20,10
287,2016,2,18
1377,2016,19,11
176,2016,8,15
4,2016,9,19
35,2016,14,17
26,2016,20,20
183,2016,16,03
12,2016,8,22
486,2016,3,11
30,2016,2,01A
1658,2016,9,14
238,2016,2,04A
74,2016,20,04B
583,2016,6,07
1001,2016,22,26
460,2016,5,03
2843,2016,25,06
461,2016,10,11
75,2016,2,02
1630,2016,1,11
917,2016,12,26
127,2016,8,24
860,2016,25,05
4,2016,20,12
2,2016,31,06
780,2016,9,05
79,2016,10,02
155,2016,17,18
1021,2016,7,18
194,2016,19,18
651,2016,2,11
40,2016,3,01A
19,2016,14,09
289,2016,3,04A
86,2016,7,01A
596,2016,15,03
11,2016,17,01A
65,2016,1,02
381,2016,18,03
142,2016,17,04A
427,2016,7,04A
118,2016,19,04A
1,2016,4,12
23,2016,8,16
2248,2016,9,06
375,2016,3,18
8,2016,19,01A
2,2016,14,13
861,2016,10,18
1410,2016,11,26
9,2016,1,01A
45,2016,17,02
117,2016,1,04A
1772,2016,25,14
1205,2016,14,08B
78,2016,7,02
91,2016,4,10
76,2016,19,02
167,2016,4,20
370,2016,10,04A
144,2016,1,18
49,2016,10,01A
10,2016,25,19
513,2016,4,04B
72,2016,3,02
16,2016,9,22
2499,2016,8,14
42,2016,16,02
44,2016,5,01A
316,2016,5,04A
2,2016,14,12
620,2016,12,07
203,2016,9,15
17,2016,8,19
27,2016,4,09
355,2016,22,07
1583,2016,6,26
524,2016,5,18
55,2016,14,20
1671,2016,18,11
166,2016,14,04B
315,2016,16,18
98,2016,9,24
408,2016,15,11
2876,2016,4,08B
207,2016,20,08A
81,2016,14,10
3,2016,4,13
658,2016,2,03
139,2016,16,04A
20,2016,20,17
291,2016,24,07
90,2016,5,02
4,2016,16,01A
81,2016,25,16
739,2016,5,08A
277,2016,11,24
16,2016,24,16
54,2016,20,02
883,2016,25,07
2903,2016,6,06
42,2016,5,17
661,2016,4,11
1012,2016,6,05
3,2016,18,13
2200,2016,15,08B
1302,2016,18,08B
4,2016,15,13
82,2016,2,10
473,2016,14,03
113,2016,20,18
11,2016,11,22
460,2016,16,08A
79,2016,2,20
31,2016,15,09
5,2016,12,16
47,2016,16,17
324,2016,2,04B
54,2016,20,04A
3,2016,20,01A
409,2016,11,15
12,2016,18,09
147,2016,18,10
24,2016,15,10
213,2016,6,15
756,2016,3,08A
1096,2016,9,26
51,2016,3,17
104,2016,15,20
391,2016,19,08A
895,2016,24,14
2,2016,6,22
56,2016,17,17
27,2016,18,20
48,2016,7,17
52,2016,19,17
150,2016,18,04B
570,2016,14,11
529,2016,15,04B
319,2016,17,08A
6,2016,2,09
856,2016,7,08A
1777,2016,12,14
56,2016,1,17
1,2016,22,19
1025,2016,8,07
487,2016,11,05
513,2016,1,08A
63,2016,10,17
624,2016,4,03
6,2016,12,19
1802,2016,2,08B
2038,2016,11,06
1190,2016,22,14
628,2016,10,08A
4,2016,18,12
144,2016,6,24
